"Month","Year","Farm_Operator","Product_Name","EPA_Reg_No","Total_Used_Gallons","Total_Used_Pounds","Primary_Chemical","Primary_Pounds_Used","Secondary_Chemical","Secondary_Pounds_Used","Tertiary_Chemical","Tertiary_Pounds_Used","Total_area_applied_to","Field_area_applied_to"
12,2013,"Kaua'i Coffee Co. LLC","No RUP's used","",0,0,"",NA,"",NA,"",NA,0,0
12,2013,"Syngenta","Aatrex Nine-O","100-585",NA,166.75,"Atrazine",146.74,"",NA,"",NA,166.75,166.75
12,2013,"Syngenta","Asana XL","352-515",1.65,NA,"Esfenvalerate",1.09,"",NA,"",NA,23.43,23.43
12,2013,"Syngenta","Callisto EUP","100-EUP-114",0.273,NA,"Mesotrione",1.09,"",NA,"",NA,3.82,3.82
12,2013,"Syngenta","Dual II Magnum","100-818",1.73,NA,"S-metolachlor",13.2,"",NA,"",NA,11.1,11.1
12,2013,"Syngenta","Force 3G","100-1075",NA,199.8,"Tefluthrin",5.99,"",NA,"",NA,39.96,39.96
12,2013,"Syngenta","Lannate","352-384",4.44,NA,"Methomyl",10.66,"",NA,"",NA,23.7,23.7
12,2013,"Syngenta","Lorsban","62719-591",81.69,NA,"Chlorpyrifos",306.75,"",NA,"",NA,326.76,326.76
12,2013,"Syngenta","Lumax EZ","100-1442",104.82,NA,"S-metolachlor",261,"Mesotrione",26.1,"Atrazine",98.01,139.76,139.76
12,2013,"Syngenta","Mustang","279-3126",3.91,NA,"Zeta-Cypermethrin",5.87,"",NA,"",NA,166.84,166.84
12,2013,"Syngenta","Permethrin","34074-873",4.41,NA,"Permethrin",14.11,"",NA,"",NA,94.06,94.06
12,2013,"Syngenta","Voliam Xpress","100-1320",8.68,NA,"Lambda-cyhalothrin",3.62,"Chlorantraniliprole",7.25,"",NA,123.39,123.39
12,2013,"Syngenta","Warrior II","100-1295",1.95,NA,"Lambda-cyhalothrin",4.06,"",NA,"",NA,131.5,131.5
12,2013,"BASF Plant Science","Warrior II w/Zeon tech.","100-1295",0.72,NA,"Lambda-cyhalothrin 22.8%",5.28,"",NA,"",NA,48,19
12,2013,"BASF Plant Science","Baythroid XL","264-840",0.22,NA,"Beta-cyfluthrin Cyano(4-fluoro-3-phenoxyphenyl)methyl-3-(-2,2-dimethyl-cyclopropanecarboxylate 12.70%",0.22,"",NA,"",NA,10,10
12,2013,"BASF Plant Science","Lorsban Advanced","62719-591",1.25,NA,"Chlorpyrifos:O,O-diethyl-O-(3,5,6-trichloro-2-pyridinyl)phosphorothioate 40.2%",4.69,"",NA,"",NA,5,5
12,2013,"Dow AgroSciences","Asana XL","352-515",0.12,NA,"Estenvalerate",0.08,"",NA,"",NA,1.7,1.7
12,2013,"Dow AgroSciences","Atrazine 4L","66222-36",4.4,NA,"Atrazine",17.6,"",NA,"",NA,8.8,8.8
12,2013,"Dow AgroSciences","Cobalt Advanced","62719-615",66.15,NA,"Chlorpyrifos",165.56,"Lambda-cyhalothrin",8.53,"",NA,241.9,229.15
12,2013,"Dow AgroSciences","Coragen","352-729",12.31,NA,"Chlorantraniliprole",20.56,"",NA,"",NA,313.9,298.8
12,2013,"Dow AgroSciences","Dual II Magnum","100-818",1.95,NA,"S-metolachlor",14.88,"",NA,"",NA,7.8,7.8
12,2013,"Dow AgroSciences","Gramoxone 2.0 SL","100-1431",23.4,NA,"Paraquat-dichloride",46.8,"",NA,"",NA,131.15,131.15
12,2013,"Dow AgroSciences","Intrro","524-314",3.81,NA,"Alachlor",15.25,"",NA,"",NA,6.1,6.1
12,2013,"Dow AgroSciences","Lumax","100-1152",6.06,NA,"Mesotrione",1.62,"Atrazine",6.06,"S-metachlor",16.25,9.7,9.7
12,2013,"Dow AgroSciences","Permethrin","34704-873",9.07,NA,"Permethrin",29.02,"",NA,"",NA,145.1,141.05
12,2013,"Dow AgroSciences","Warrior II","100-1295",0.08,NA,"Lambda-cyhalothrin",0.17,"",NA,"",NA,6.9,6.9
12,2013,"DuPont Pioneer","Gramoxone SL","100-1217",2.89,NA,"Paraquat dicloride",5.78,"",NA,"",NA,11.54,11.54
12,2013,"DuPont Pioneer","Permethrin","34704-873",8.17,NA,"Permethrin",26.144,"",NA,"",NA,174.33,174.33
12,2013,"DuPont Pioneer","Baythroid XL","264-840",0.01,NA,"Beta-cyfluthrin",0.01,"",NA,"",NA,0.35,0.35
12,2013,"DuPont Pioneer","Dual II Magnum","100-818",14.16,NA,"S-metolachlor",108.1824,"",NA,"",NA,87.29,87.29
12,2013,"DuPont Pioneer","Force 3G","100-1075",NA,13.39,"Tefluthrin",0.4017,"",NA,"",NA,3.73,3.73
12,2013,"DuPont Pioneer","Intrro","524-314",4.59,NA,"Alachlor",18.36,"",NA,"",NA,10.73,10.73
12,2013,"DuPont Pioneer","Mustang","279-3126",0.51,NA,"Zeta-cypermethrin",0.765,"",NA,"",NA,15.29,15.29
12,2013,"DuPont Pioneer","Mustang Max","279-3249",6.51,NA,"Zeta-cypermethrin",5.208,"",NA,"",NA,252.07,237.3
12,2013,"DuPont Pioneer","Asana XL","352-515",1.67,NA,"Esfenvalerate",1.1022,"",NA,"",NA,26.77,26.77
12,2013,"DuPont Pioneer","Atrazine 4L","66222-36",1.9,NA,"Atrazine",7.6,"",NA,"",NA,12.17,12.17
12,2013,"DuPont Pioneer","Lannate LV","352-384",12.9,NA,"Methomyl",30.96,"",NA,"",NA,103.23,103.23
12,2013,"DuPont Pioneer","Lorsban Advanced","62719-591",9.2,NA,"Chlorpyrifos",34.546,"",NA,"",NA,49.07,49.07
12,2013,"DuPont Pioneer","Warrior II with Zeon Technology","100-1295",3.7,NA,"Lambda-cyhalothrin",7.696,"",NA,"",NA,253.03,216.4
1,2014,"BASF Plant Science","Baythroid XL","264-840",1.17,NA,"Beta-cyfluthrin Cyano(4-fluoro-3-phenoxyphenyl)methyl-3-(-2,2-dimethyl-cyclopropanecarboxylate 12.70%",1.7,"",NA,"",NA,50.5,22.5
1,2014,"BASF Plant Science","Lannate LV","352-384",1.88,NA,"Methomyl (S-methly-N-[(methylcarbamoly)oxy]thioacetimidate) 29%",4.51,"",NA,"",NA,10,10
1,2014,"BASF Plant Science","Lorsban Advanced","62719-591",2.5,NA,"Chlorpyrifos:O,O-diethyl-O-(3,5,6-trichloro-2-pyridinyl)phosphorothioate 40.2%",9.38,"",NA,"",NA,10,10
1,2014,"BASF Plant Science","Warrior II w/Zeon tech.","100-1295",0.13,NA,"Lambda-cyhalothrin 22.8%",0.27,"",NA,"",NA,8.25,8
1,2014,"Kaua'i Coffee Co. LLC","No RUP's used","",0,0,"",0,"",NA,"",NA,0,0
1,2014,"Dow AgroSciences","Asana XL","352-515",0.2,NA,"Estenvalerate",0.1,"",NA,"",NA,2.9,2.9
1,2014,"Dow AgroSciences","Atrazine 4L","66222-36",0.3,NA,"Atrazine",1.2,"",NA,"",NA,0.6,0.6
1,2014,"Dow AgroSciences","Baythroid XL","264-840",0.02,NA,"Beta-cyfluthrin",0.02,"",NA,"",NA,0.8,0.8
1,2014,"Dow AgroSciences","Cobalt Advanced","62719-615",14.3,NA,"Chlorpyrifos",35.8,"Lambda-cyhalothrin",1.9,"",NA,58.2,58.2
1,2014,"Dow AgroSciences","Coragen","352-729",4.9,NA,"Chlorantraniliprole",8.2,"",NA,"",NA,146.5,142.9
1,2014,"Dow AgroSciences","Dual II Magnum","100-818",2.5,NA,"S-metolachlor",19.1,"",NA,"",NA,9.7,9.7
1,2014,"Dow AgroSciences","Gramoxone 2.0 SL","100-1431",9.6,NA,"Paraquat-dichloride",19.1,"",NA,"",NA,55.7,54.2
1,2014,"Dow AgroSciences","Intrro","524-314",4.5,NA,"Alachlor",18,"",NA,"",NA,7.2,7.2
1,2014,"Dow AgroSciences","Lannate LV","352-384",5.9,NA,"Methomyl",14.2,"",NA,"",NA,37.9,37.9
1,2014,"Dow AgroSciences","Lorsban Advanced","62719-591",2.4,NA,"Chlorpyrifos",8.9,"",NA,"",NA,9.5,9.5
1,2014,"Dow AgroSciences","Permethrin","34704-873",3.4,NA,"Permethrin",11,"",NA,"",NA,57,50.6
1,2014,"Dow AgroSciences","Warrior II","100-1295",0.4,NA,"Lambda-cyhalothrin",0.9,"",NA,"",NA,34.9,34.9
1,2014,"DuPont Pioneer","Asana XL","352-515",5.83,NA,"Esfenvalerate",3.8,"",NA,"",NA,93.33,93.33
1,2014,"DuPont Pioneer","Atrazine 4L","66222-36",0.12,NA,"Atrazine",0.5,"",NA,"",NA,0.56,0.56
1,2014,"DuPont Pioneer","Lannate LV","352-384",10.03,NA,"Methomyl",24.1,"",NA,"",NA,80.24,80.24
1,2014,"DuPont Pioneer","Lorsban Advanced","62719-591",9.4,NA,"Chlorpyrifos",35.3,"",NA,"",NA,49.62,41.04
1,2014,"DuPont Pioneer","Mustang Max","279-3249",3.36,NA,"Zeta-cypermethrin",2.7,"",NA,"",NA,125.3,121.58
1,2014,"DuPont Pioneer","Warrior II with Zeon Technology","100-1295",2.7,NA,"Lambda-cyhalothrin",5.6,"",NA,"",NA,182.05,147.33
1,2014,"DuPont Pioneer","Coragen","352-729",0.47,NA,"Chlorantraniliprole",0.8,"",NA,"",NA,12.05,12.05
1,2014,"DuPont Pioneer","Dual II Magnum","100-818",0.56,NA,"S-metolachlor",4.3,"",NA,"",NA,2.24,2.24
1,2014,"DuPont Pioneer","Force 3G","100-1075",NA,4.71,"Tefluthrin",0.14,"",NA,"",NA,1.43,1.43
1,2014,"DuPont Pioneer","Gramoxone SL","100-1217",7.3,NA,"Paraquat dichloride",14.6,"",NA,"",NA,29.21,29.21
1,2014,"DuPont Pioneer","Intrro","524-314",0.91,NA,"Alachlor",3.6,"",NA,"",NA,1.46,1.46
1,2014,"DuPont Pioneer","Permethrin","34704-873",2.18,NA,"Permethrin",7,"",NA,"",NA,46.44,46.44
1,2014,"Syngenta","Aatrex Nine-O","100-585",NA,101.72,"Atrazine",89.51,"",NA,"",NA,101.72,101.72
1,2014,"Syngenta","Asana XL","352-515",2.08,NA,"Esfenvalerate",1.37,"",NA,"",NA,29.51,29.51
1,2014,"Syngenta","Callisto EUP","100-EUP-114",1.11,NA,"Mesotrione",4.44,"",NA,"",NA,16.3,12.3
1,2014,"Syngenta","Dual II Magnum","100-818",2.94,NA,"S-metolachlor",22.46,"",NA,"",NA,18.8,18.8
1,2014,"Syngenta","Lannate","352-384",25.97,NA,"Methomyl",62.33,"",NA,"",NA,138.51,138.51
1,2014,"Syngenta","Lorsban","62719-591",58.28,NA,"Chlorpyrifos",218.84,"",NA,"",NA,233.1,228.8
1,2014,"Syngenta","Lumax EZ","100-1442",26.1,NA,"S-metolachlor",64.99,"Mesotrione",6.5,"Atrazine",24.4,34.8,34.8
1,2014,"Syngenta","Mustang","279-3126",1.98,NA,"Zeta-Cypermethrin",2.97,"",NA,"",NA,84.55,82.55
1,2014,"Syngenta","Permethrin","34074-873",0.88,NA,"Permethrin",2.82,"",NA,"",NA,18.8,18.8
1,2014,"Syngenta","Voliam Xpress","100-1320",4.25,NA,"Lambda-cyhalothrin",1.77,"Chlorantraniliprole",3.55,"",NA,60.42,60.42
1,2014,"Syngenta","Warrior II","100-1295",2.59,NA,"Lambda-cyhalothrin",5.39,"",NA,"",NA,174.61,174.61
2,2014,"BASF Plant Science","Mustang","279-3126",1.6,NA,"S-Cyano (3-phenoxyphenyl)methyl(+-)cis/trans 3-(2,2-dichloroethenyl)-2,2 dimethylcyclopropane carboxylate 17.1%",2.4,"",NA,"",NA,51.25,20.25
2,2014,"BASF Plant Science","Warrior II w/Zeon tech.","100-1295",0.01,NA,"Lambda-cyhalothrin 22.8%",0.02,"",NA,"",NA,0.5,0.5
2,2014,"Dow AgroSciences","Asana XL","352-515",2.1,NA,"Estenvalerate",1.4,"",NA,"",NA,30.1,30.1
2,2014,"Dow AgroSciences","Atrazine 4L","66222-36",12.5,NA,"Atrazine",50,"",NA,"",NA,25,25
2,2014,"Dow AgroSciences","Baythroid XL","264-840",0.2,NA,"Beta-cyfluthrin",0.2,"",NA,"",NA,10.4,10.4
2,2014,"Dow AgroSciences","Cobalt Advanced","62719-615",5.4,NA,"Chlorpyrifos",13.6,"Lambda-cyhalothrin",0.7,"",NA,19.9,19.9
2,2014,"Dow AgroSciences","Coragen","352-729",1.1,NA,"Chlorantraniliprole",1.8,"",NA,"",NA,24.1,22.9
2,2014,"Dow AgroSciences","Dual II Magnum","100-818",5.2,NA,"S-metochlor",39.9,"",NA,"",NA,20.9,20.9
2,2014,"Dow AgroSciences","Gramaxone 2.0 SL","100-1431",11.6,NA,"Paraquat dichloride",23.1,"",NA,"",NA,66.2,66.2
2,2014,"Dow AgroSciences","Intrro","524-314",11.1,NA,"Alachlor",44.3,"",NA,"",NA,17.7,17.7
2,2014,"Dow AgroSciences","Lannate LV","352-384",0.1,NA,"Methomyl",0.2,"",NA,"",NA,0.6,0.6
2,2014,"Dow AgroSciences","Lorsban Advanced","62719-591",3,NA,"Chlorpyrifos",11.4,"",NA,"",NA,12.1,12.1
2,2014,"Dow AgroSciences","Permethrin","34704-873",0.4,NA,"Permethrin",1.2,"",NA,"",NA,6.2,6.2
2,2014,"Dow AgroSciences","Warrior II","100-1295",0.03,NA,"Lambda-cyhalothrin",0.06,"",NA,"",NA,2.5,2.5
2,2014,"Syngenta","Aatrex Nine-O","100-585",NA,12.9,"Atrazine",11.38,"",NA,"",NA,12.9,12.9
2,2014,"Syngenta","Asana XL","352-515",5.15,NA,"Esfenvalerate",3.4,"",NA,"",NA,73.25,54.15
2,2014,"Syngenta","Baythroid XL","264-840",0.97,NA,"Beta-Cyfluthrin",0.97,"",NA,"",NA,49.7,49.7
2,2014,"Syngenta","Callisto EUP","100-EUP-114",0.28,NA,"Mesotrione",1.12,"",NA,"",NA,6,6
2,2014,"Syngenta","Force 3G","100-1075",NA,4.35,"Tefluthrin",0.131,"",NA,"",NA,0.87,0.87
2,2014,"Syngenta","Lannate","352-384",19.22,NA,"Methomyl",46.13,"",NA,"",NA,102.51,102.51
2,2014,"Syngenta","Lorsban","62719-591",11.63,NA,"Chlorpyrifos",43.67,"",NA,"",NA,46.5,46.5
2,2014,"Syngenta","Mustang","279-3126",0.9,NA,"Zeta-Cypermethrin",1.35,"",NA,"",NA,38.32,38.32
2,2014,"Syngenta","Permethrin","34074-873",1.01,NA,"Permethrin",3.23,"",NA,"",NA,21.65,21.65
2,2014,"Syngenta","Voliam Xpress","100-1320",0.54,NA,"Lambda-cyhalothrin",0.23,"Chlorantraniliprole",0.45,"",NA,7.7,7.7
2,2014,"Syngenta","Warrior II","100-1295",1.36,NA,"Lambda-cyhalothrin",2.83,"",NA,"",NA,102.51,102.51
2,2014,"Kaua'i Coffee Co. LLC","Gramoxone SL 2.0","100-1431",65.4,NA,"Paraquat dichloride",130.8,"",NA,"",NA,161.2,161.2
2,2014,"DuPont Pioneer","Lorsban Advanced","62719-591",19.117,NA,"Chlorpyrifos",71.78,"",NA,"",NA,101.29,101.29
2,2014,"DuPont Pioneer","Mustang Max","279-3249",1.969,NA,"Zeta-cypermethrin",1.575,"",NA,"",NA,83.43,83.07
2,2014,"DuPont Pioneer","Permethrin","34704-873",5.933,NA,"Permethrin",18.99,"",NA,"",NA,126.57,81.71
2,2014,"DuPont Pioneer","Warrior II with Zeon Technology","100-1295",1.557,NA,"Lambda-cyhalothrin",3.239,"",NA,"",NA,104.89,81.71
2,2014,"DuPont Pioneer","Asana XL","352-515",0.102,NA,"Esfenvalerate",0.0673,"",NA,"",NA,1.48,1.48
2,2014,"DuPont Pioneer","Dual II Magnum","100-818",0.8,NA,"S-metolachlor",6.112,"",NA,"",NA,3.2,3.2
2,2014,"DuPont Pioneer","Force 3G","100-1075",NA,14.6,"Tefluthrin",0.438,"",NA,"",NA,4.06,4.06
2,2014,"DuPont Pioneer","Gramoxone SL 2.0","100-1431",13.12,NA,"Paraquat dichloride",26.24,"",NA,"",NA,52.47,52.47
2,2014,"DuPont Pioneer","Intrro","524-314",4.392,NA,"Alachlor",17.57,"",NA,"",NA,7.28,7.28
3,2014,"BASF Plant Science","Bicep II Magnum","100-817",1,NA,"Atrazine (CAS No. 1912-24-9) 33.0%, Atrazine related compounds 0.7%, S-metolachlor (CAS No. 87392-12-9) 26.1%",3.1,"",NA,"",NA,3,3
3,2014,"BASF Plant Science","Gramoxone Inteon","100-1217",3.75,NA,"Paraquat dichloride(1,1-dimethyl-4,4-bipyridinium dichloride) 30.1%",7.5,"",NA,"",NA,20,20
3,2014,"BASF Plant Science","Warrior II w/Zeon tech.","100-1295",0.00375,NA,"Lambda-cyhalothrin 22.8%",0.0078,"",NA,"",NA,0.25,0.25
3,2014,"Dow AgroSciences","Asana XL","352-515",1,NA,"Estenvalerate",0.6,"",NA,"",NA,12.8,12.8
3,2014,"Dow AgroSciences","Baythroid XL","264-840",0.3,NA,"Beta-cyfluthrin",0.3,"",NA,"",NA,13.8,8.4
3,2014,"Dow AgroSciences","Cobalt Advanced","62719-615",1.1,NA,"Chlorpyrifos",2.7,"Lambda-cyhalothrin",0.1,"",NA,4,4
3,2014,"Dow AgroSciences","Coragen","352-729",0.2,NA,"Chlorantraniliprole",0.3,"",NA,"",NA,4.3,3.2
3,2014,"Dow AgroSciences","Dual II Magnum","100-818",2.7,NA,"S-metolachlor",20.6,"",NA,"",NA,10.8,8.3
3,2014,"Dow AgroSciences","Gramoxone 2.0 SL","100-1431",4.2,NA,"Paraquat dichloride",8.5,"",NA,"",NA,24.6,24.6
3,2014,"Dow AgroSciences","Intrro","524-314",1.8,NA,"Alachlor",7.3,"",NA,"",NA,2.9,2.9
3,2014,"Dow AgroSciences","Lorsban Advanced","62719-591",1.3,NA,"Chlorpyrifos",4.8,"",NA,"",NA,5.1,5.1
3,2014,"Dow AgroSciences","Permethrin","34704-873",0.6,NA,"Permethrin",1.8,"",NA,"",NA,8.9,8.9
3,2014,"Kaua'i Coffee Co. LLC","Gramoxone SL 2.0","100-1431",75.5,NA,"Paraquat dichloride",151,"",NA,"",NA,177.82,177.82
3,2014,"Syngenta","Aatrex Nine-O","100-585",NA,16,"Atrazine",14.11,"",NA,"",NA,16,16
3,2014,"Syngenta","Asana XL","352-515",4.28,NA,"Esfenvalerate",2.83,"",NA,"",NA,60.83,39.7
3,2014,"Syngenta","Callisto EUP","100-EUP-114",0.14,NA,"Mesotrione",0.56,"",NA,"",NA,1.5,1.5
3,2014,"Syngenta","Dual II Magnum","100-818",0.16,NA,"S-metolachlor",1.2,"",NA,"",NA,1,1
3,2014,"Syngenta","Force 3G","100-1075",NA,37.7,"Tefluthrin",1.13,"",NA,"",NA,7.54,7.54
3,2014,"Syngenta","Lannate","352-384",2.59,NA,"Methomyl",6.23,"",NA,"",NA,13.8,13.8
3,2014,"Syngenta","Lorsban","62719-591",5.09,NA,"Chlorpyrifos",19.11,"",NA,"",NA,20.35,20.35
3,2014,"Syngenta","Lorsban 15G","62719-34",NA,0.013,"Chlorpyrifos",0.002,"",NA,"",NA,0.0026,0.0026
3,2014,"Syngenta","Lumax EZ","100-1442",23.36,NA,"S-metolachlor",58.17,"Atrazine",21.84,"Mesotrione",5.82,31.15,31.15
3,2014,"Syngenta","Mustang","279-3126",0.25,NA,"Zeta-Cypermethrin",0.38,"",NA,"",NA,10.58,10.58
3,2014,"Syngenta","Permethrin","34074-873",0.16,NA,"Permethrin",0.51,"",NA,"",NA,3.45,3.44
3,2014,"Syngenta","Voliam Xpress","100-1320",1.24,NA,"Lambda-cyhalothrin",0.52,"Chlorantraniliprole",1.04,"",NA,17.56,17.56
3,2014,"Syngenta","Warrior II","100-1295",0.6,NA,"Lambda-cyhalothrin",1.25,"",NA,"",NA,44.95,44.95
3,2014,"DuPont Pioneer","Dual II Magnum","100-818",8.54,NA,"S-metolachlor",65.227,"",NA,"",NA,43.75,43.75
3,2014,"DuPont Pioneer","Force 3G","100-1075-5481",NA,57.2,"Tefluthrin",1.716,"",NA,"",NA,15.01,15.01
3,2014,"DuPont Pioneer","Intrro","524-314",10.005,NA,"Alachlor",40.02,"",NA,"",NA,16.01,16.01
3,2014,"DuPont Pioneer","Lorsban Advanced","62719-591",0.312,NA,"Chlorpyrifos",1.1726,"",NA,"",NA,2.5,2.5
3,2014,"DuPont Pioneer","Mustang Max","279-3249",0.63,NA,"Zeta-cypermethrin",0.502,"",NA,"",NA,20.07,10.38
3,2014,"DuPont Pioneer","Mustang Maxx","279-3426",0.5,NA,"Zeta-cypermethrin",0.403,"",NA,"",NA,16.11,16.11
3,2014,"DuPont Pioneer","Permethrin","34704-873",1.7,NA,"Permethrin",5.427,"",NA,"",NA,35.68,31.89
3,2014,"DuPont Pioneer","Gramoxone SL","100-1217",1,NA,"Paraquat dichloride",2,"",NA,"",NA,4,4
3,2014,"DuPont Pioneer","Warrior II with Zeon Technology","100-1295",0.008,NA,"Lambda-cyhalothrin",0.0172,"",NA,"",NA,0.56,0.56
4,2014,"BASF Plant Science","Atrazine 4L","34704-69",0.63,NA,"Atrazine (2-chloro-4-ethylamino-6-isopropylamino-s-triazine)42.2%",2.5,"",NA,"",NA,2.5,2.5
4,2014,"BASF Plant Science","Lannate LV Dupont","352-384",0.47,NA,"Methomyl (S=methyl-N-[(methylcarbamoyl)0xy]thioacetimidate) 29%",1.13,"",NA,"",NA,2.5,2.5
4,2014,"BASF Plant Science","Warrior II w/Zeon tech.","100-1295",0.13,NA,"Lambda-cyhalothrin 22.8%",0.27,"",NA,"",NA,8.6,4.6
4,2014,"BASF Plant Science","Lorsban Advanced","62719-591",1.68,NA,"chlorpyrifos:0-0 diethyl-0-(3.5.6-trichloro-2-pyridinyl)phosphorothioate 40.18%",6.29,"",NA,"",NA,6.7,4.2
4,2014,"Kaua'i Coffee Co. LLC","Gramoxone SL 2.0","100-1431",21.5,NA,"Paraquat dichloride",43,"",NA,"",NA,63,63
4,2014,"Syngenta","Aatrex Nine-O","100-585",NA,166.28,"Atrazine",146.33,"",NA,"",NA,166.28,166.28
4,2014,"Syngenta","Asana XL","352-515",1.12,NA,"Esfenvalerate",0.74,"",NA,"",NA,15.92,15.42
4,2014,"Syngenta","Gramoxone SL 2.0","100-1431",2,NA,"Paraquat dicloride",4,"",NA,"",NA,8,8
4,2014,"Syngenta","Lannate","352-384",5.93,NA,"Methomyl",14.23,"",NA,"",NA,31.64,31.64
4,2014,"Syngenta","Lorsban","62719-591",16.85,NA,"Chlorpyrifos",63.27,"",NA,"",NA,67.4,51.34
4,2014,"Syngenta","Lumax EZ ","100-1442",103.34,NA,"S-metolachlor",257.32,"Atrazine",96.62,"Mesotrione",25.73,137.78,137.78
4,2014,"Syngenta","Mustang","279-3126",3.76,NA,"S-Cyano Methyl",5.64,"",NA,"",NA,160.44,145.04
4,2014,"Syngenta","Voliam Xpress","100-1320",2.01,NA,"Chlorantraniliprole",1.68,"Lambda-cyhalothrin",0.84,"",NA,28.6,28.6
4,2014,"Syngenta","Warrior II","100-1295",2.37,NA,"Lambda-cyhalothrin",4.93,"",NA,"",NA,178.42,166.72
4,2014,"Dow AgroSciences","Asana XL","352-515",0.4,NA,"Estenvalerate",0.3,"",NA,"",NA,5.8,5.8
4,2014,"Dow AgroSciences","Atrazine 4L","66222-36",6,NA,"Atrazine",24,"",NA,"",NA,12,12
4,2014,"Dow AgroSciences","Baythroid XL","264-840",0.3,NA,"Beta-cyfluthrin",0.3,"",NA,"",NA,15.5,15.5
4,2014,"Dow AgroSciences","Cobalt Advanced","62719-615",1.7,NA,"Chlorpyrifos",4.2,"Lambda-cyhalothrin",0.2,"",NA,6.1,6.1
4,2014,"Dow AgroSciences","Coragen","352-729",0.6,NA,"Chlorantraniliprole",0.9,"",NA,"",NA,14.3,10
4,2014,"Dow AgroSciences","Dual II Magnum","100-818",1.9,NA,"S-metochlor",14.3,"",NA,"",NA,7.5,7.5
4,2014,"Dow AgroSciences","Gramoxone 2.0 SL","100-1431",12.4,NA,"Paraquat dichloride",24.9,"",NA,"",NA,59.5,59.5
4,2014,"Dow AgroSciences","Intrro","524-314",8.9,NA,"Alachlor",35.5,"",NA,"",NA,14.2,14.2
4,2014,"Dow AgroSciences","Lorsban Advanced","62719-591",1.3,NA,"Chlorpyrifos",4.7,"",NA,"",NA,5,5
4,2014,"Dow AgroSciences","Permethrin","34704-873",0.6,NA,"Permethrin",1.9,"",NA,"",NA,9.4,9.4
4,2014,"DuPont Pioneer","Atrazine 4L","66222-36",0.133,NA,"Atrazine",0.53,"",NA,"",NA,0.53,0.53
4,2014,"DuPont Pioneer","Baythroid XL","264-840",0.464,NA,"Beta-cyfluthrin",0.464,"",NA,"",NA,23.77,23.77
4,2014,"DuPont Pioneer","Dual II Magnum","100-818",10.84,NA,"S-metolachlor",82.79,"",NA,"",NA,67.82,67.82
4,2014,"DuPont Pioneer","Gramoxone SL 2.0","100-1431",4.125,NA,"Paraquat dichloride",8.25,"",NA,"",NA,22,22
4,2014,"DuPont Pioneer","Mustang Max","279-3249",0.0118,NA,"Zeta-cypermethrin",0.00944,"",NA,"",NA,0.5,0.5
4,2014,"DuPont Pioneer","Permethrin","34704-873",2.96,NA,"Permethrin",9.461,"",NA,"",NA,63.07,63.07
4,2014,"DuPont Pioneer","Coragen","352-729",0.229,NA,"Chlorantraniliprole",0.383,"",NA,"",NA,5.86,5.86
4,2014,"DuPont Pioneer","Force 3G","100-1075-5481",NA,33.82,"Tefluthrin",1.015,"",NA,"",NA,8.87,8.87
4,2014,"DuPont Pioneer","Intrro","524-314",3.178,NA,"Alachlor",12.711,"",NA,"",NA,5.08,5.08
4,2014,"DuPont Pioneer","Lorsban Advanced","62719-591",0.0944,NA,"Chlorpyrifos",0.3544,"",NA,"",NA,0.5,0.5
4,2014,"DuPont Pioneer","Mustang Maxx","279-3426",0.2185,NA,"Zeta-cypermethrin",0.175,"",NA,"",NA,6.99,6.13
5,2014,"BASF Plant Science","Atrazine 4L","34704-69",0.88,NA,"Atrazine (2-chloro-4-ethylamino-6-isopropylamino-s-triazine)42.2%",3.52,"",NA,"",NA,3.5,3.5
5,2014,"BASF Plant Science","Baythroid XL","264-840",0.088,NA,"Beta-cyfluthrin Cyano(4-fluoro-3-phenoxyphenyl)methyl-3-(2,2-dichloro-ethenyl)-2,2-dimethyl-cyclopropanecarboxylate 12.70%",0.088,"",NA,"",NA,4,4
5,2014,"BASF Plant Science","Warrior II w/Zeon tech.","100-1295",0.06,NA,"Lambda-cyhalothrin 22.8%",0.125,"",NA,"",NA,4,4
5,2014,"Kaua'i Coffee Co. LLC","Gramoxone SL 2.0","100-1431",6,NA,"Paraquat dichloride",12,"",NA,"",NA,19.76,19.76
5,2014,"Dow AgroSciences","Asana XL","352-515",0.3,NA,"Estenvalerate",0.2,"",NA,"",NA,3.7,3.7
5,2014,"Dow AgroSciences","Atrazine 4L","66222-36",1.5,NA,"Atrazine",5.8,"",NA,"",NA,2.9,2.9
5,2014,"Dow AgroSciences","Baythroid XL","264-840",0.3,NA,"Beta-cyfluthrin",0.3,"",NA,"",NA,13.1,13.1
5,2014,"Dow AgroSciences","Bicep II Magnum","100-817",4.8,NA,"Atrazine",14.7,"S-metolachlor",11.4,"",NA,11.7,11.7
5,2014,"Dow AgroSciences","Cobalt Advanced","62719-615",4.5,NA,"Chlorpyrifos",11.2,"Lambda-cyhalothrin",0.6,"",NA,16.3,16.3
5,2014,"Dow AgroSciences","Coragen","352-729",0.6,NA,"Chlorantraniliprole",1,"",NA,"",NA,15.1,13.4
5,2014,"Dow AgroSciences","Dual II Magnum","100-818",2.9,NA,"S-metolachlor",22.4,"",NA,"",NA,11.7,11.7
5,2014,"Dow AgroSciences","Force 3G","100-1075",NA,2.5,"Tefluthrin",0.1,"",NA,"",NA,10,10
5,2014,"Dow AgroSciences","Gramoxone 2.0 SL","100-1431",1.1,NA,"Paraquat dichloride",2.2,"",NA,"",NA,5.5,5.5
5,2014,"Dow AgroSciences","Intrro","524-314",6.3,NA,"Alachlor",25,"",NA,"",NA,10.1,10.1
5,2014,"Dow AgroSciences","Permethrin","34704-873",0.1,NA,"Permethrin",0.4,"",NA,"",NA,1.9,1.9
5,2014,"DuPont Pioneer","Baythroid XL","264-840",1.53,NA,"Beta-cyfluthrin",1.53,"",NA,"",NA,77.72,77.72
5,2014,"DuPont Pioneer","Mustang Max","279-3249",1.33,NA,"Zeta-cypermethrin",1.064,"",NA,"",NA,56.58,56.58
5,2014,"DuPont Pioneer","Permethrin","34704-873",3.37,NA,"Permethrin",10.784,"",NA,"",NA,71.15,71.15
5,2014,"DuPont Pioneer","Dual II Magnum","100-818",7.625,NA,"S-metolachlor",58.255,"",NA,"",NA,46.9,46.9
5,2014,"DuPont Pioneer","Warrior II with Zeon Technology","100-1295",0.38,NA,"Lambda-cyhalothrin",0.79,"",NA,"",NA,24.71,24.71
5,2014,"DuPont Pioneer","Force 3G","100-1075-5481",NA,11.13,"Tefluthrin",0.3339,"",NA,"",NA,2.92,2.92
5,2014,"DuPont Pioneer","Intrro","524-314",1.83,NA,"Alachlor",7.32,"",NA,"",NA,2.92,2.92
5,2014,"DuPont Pioneer","Mustang Maxx","279-3426",0.52,NA,"Zeta-cypermethrin",0.416,"",NA,"",NA,16.51,14.62
5,2014,"Syngenta","Aatrex Nine-O","100-585",NA,122.33,"Atrazine",107.65,"",NA,"",NA,122.33,122.33
5,2014,"Syngenta","Asana XL","352-515",1.32,NA,"Esfenvalerate",0.8712,"",NA,"",NA,18.84,17.84
5,2014,"Syngenta","Besiege","100-1402",0.41,NA,"Lambda-cyhalothrin",0.17,"Chlorantraniliprole",0.34,"",NA,5.3,5.3
5,2014,"Syngenta","Dual II Magnum","100-818",1.31,NA,"S-Metolachlor",10,"",NA,"",NA,10.5,10.5
5,2014,"Syngenta","Force 3G","100-1075",NA,128.55,"Tefluthrin",3.86,"",NA,"",NA,25.71,25.71
5,2014,"Syngenta","Lannate LV","352-384",4.61,NA,"Methomyl",11.052,"",NA,"",NA,24.56,24.56
5,2014,"Syngenta","Lorsban Advanced","62719-591",18.69,NA,"Chlorpyrifos",70.18,"",NA,"",NA,74.75,74.75
5,2014,"Syngenta","Lumax EZ","100-1442",42.17,NA,"S-Metolachlor",105,"Atrazine",39.43,"Mesotrione",10.5,56.229,56.229
5,2014,"Syngenta","Mustang","279-3126",1.55,NA,"S-Cyano Methyl",2.33,"",NA,"",NA,65.93,64.93
5,2014,"Syngenta","Permethrin","34704-873",0.02,NA,"Permethrin",0.06,"",NA,"",NA,0.4,0.2
5,2014,"Syngenta","Voliam Xpress","100-1320",5.15,NA,"Lambda-cyhalothrin",2.15,"Chlorantraniliprole",4.3,"",NA,73.3,73.3
5,2014,"Syngenta","Warrior II","100-1295",1.17,NA,"Lambda-cyhalothrin",2.43,"",NA,"",NA,87.789,87.789
6,2014,"Syngenta","Aatrex Nine-O","100-585",NA,25.72,"Atrazine",22.63,"",NA,"",NA,25.72,25.72
6,2014,"Syngenta","Asana XL","352-515",1.98,NA,"Esfenvalerate",1.31,"",NA,"",NA,28.09,28.09
6,2014,"Syngenta","Besiege","100-1402",2.61,NA,"Lambda-cyhalothrin",1.09,"Chlorantraniliprole",2.18,"",NA,33.42,33.42
6,2014,"Syngenta","Lannate LV","352-384",13.31,NA,"Methomyl",31.94,"",NA,"",NA,71,71
6,2014,"Syngenta","Lorsban Advanced","62719-591",11.36,NA,"Chlorpyrifos",42.66,"",NA,"",NA,45.44,45.44
6,2014,"Syngenta","Lumax EZ","100-1442",22.36,NA,"S-Metolachlor",55.68,"Atrazine",20.91,"Mesotrione",5.57,29.81,29.81
6,2014,"Syngenta","Mustang","279-3126",1.85,NA,"S-Cyano Methyl",2.78,"",NA,"",NA,79.1,54.27
6,2014,"Syngenta","Warrior II","100-1295",1.5,NA,"Lambda-cyhalothrin",3.12,"",NA,"",NA,112.89,112.89
6,2014,"Kaua'i Coffee Co. LLC","Gramoxone SL 2.0","100-1431",46,NA,"Paraquat dichloride",92,"",NA,"",NA,125.1,125.1
6,2014,"BASF Plant Science","Baythroid XL","264-840",0.088,NA,"Beta-cyfluthrin Cyano(4-fluoro-3-phenoxyphenyl)methyl-3-(2,2-dichloro-ethenyl)-2,2-dimethyl-cyclopropanecarboxylate 12.70%",0.088,"",NA,"",NA,4,4
6,2014,"BASF Plant Science","Lorsban Advanced","62719-591",1.12,NA,"chlorpyrifos:0-0 diethyl-0-(3.5.6-trichloro-2-pyridinyl)phosphorothioate 40.18%",0.469,"",NA,"",NA,4.5,2.5
6,2014,"BASF Plant Science","Mustang","279-3126",0.039,NA,"S-Cyano (3-phenoxyphenyl)methyl(+-)cis/trans 3-(2,2-dichloroethenyl)-2,2 dimethylcyclopropane carboxylate 17.1%",0.059,"",NA,"",NA,1.25,1.25
6,2014,"Dow AgroSciences","Asana XL","352-515",0.5,NA,"Estenvalerate",0.3,"",NA,"",NA,6.9,6.9
6,2014,"Dow AgroSciences","Baythroid XL","264-840",0.04,NA,"Beta-cyfluthrin",0.04,"",NA,"",NA,1.9,1.9
6,2014,"Dow AgroSciences","Bicep II Magnum","100-817",51.2,NA,"Atrazine",158.7,"S-metolachlor",122.9,"",NA,102.4,102.4
6,2014,"Dow AgroSciences","Cobalt Advenced","62719-615",3.6,NA,"Chlorpyrifos",9.1,"Lambda-cyhalothrin",0.5,"",NA,13.3,13.3
6,2014,"Dow AgroSciences","Coragen","352-729",1,NA,"Chlorantraniliprole",1.7,"",NA,"",NA,25.5,17.2
6,2014,"Dow AgroSciences","Dual II Magnum","100-818",36.9,NA,"S-metolachlor",281.9,"",NA,"",NA,147.6,147.6
6,2014,"Dow AgroSciences","Force 3G","100-1075",NA,3.6,"Tefluthrin",0.1,"",NA,"",NA,1.2,1.2
6,2014,"Dow AgroSciences","Gramoxone 2.0 SL","100-1431",2.2,NA,"Paraquat dichloride",4.5,"",NA,"",NA,8.9,8.9
6,2014,"Dow AgroSciences","Intrro","524-314",25.2,NA,"Alachlor",100.8,"",NA,"",NA,40.4,40.4
6,2014,"Dow AgroSciences","Lorsban Advanced","62719-591",2.9,NA,"Chlorpyrifos",10.7,"",NA,"",NA,11.4,11.4
6,2014,"DuPont Pioneer","Baythroid XL","264-840",0.485,NA,"Beta-cyfluthrin",0.485,"",NA,"",NA,24.81,24.81
6,2014,"DuPont Pioneer","Dual II Magnum","100-818",8.57,NA,"S-metolachlor",65.475,"",NA,"",NA,51.84,51.84
6,2014,"DuPont Pioneer","Gramoxone SL","100-1217",0.7775,NA,"Paraquat dichloride",1.555,"",NA,"",NA,3.11,3.11
6,2014,"DuPont Pioneer","Lorsban Advanced","62719-591",8.156,NA,"Chlorpyrifos",30.63,"",NA,"",NA,43.5,43.5
6,2014,"DuPont Pioneer","Mustang Max","279-3249",1.868,NA,"Zeta-cypermethrin",1.49,"",NA,"",NA,79.69,57.39
6,2014,"DuPont Pioneer","Permethrin","34704-873",2.896,NA,"Permethrin",9.267,"",NA,"",NA,61.79,61.79
6,2014,"DuPont Pioneer","Warrior II with Zeon Technology","100-1295",2.068,NA,"Lambda-cyhalothrin",4.3,"",NA,"",NA,139.3,98.99
6,2014,"DuPont Pioneer","Force 3G","100-1075-5481",NA,17.06,"Tefluthrin",0.5118,"",NA,"",NA,4.48,4.48
6,2014,"DuPont Pioneer","Mustang Maxx","279-3426",0.0447,NA,"Zeta-cypermethrin",0.0358,"",NA,"",NA,1.43,1.43
6,2014,"DuPont Pioneer","Intrro","524-314",2.8,NA,"Alachlor",11.2,"",NA,"",NA,4.48,4.48
7,2014,"BASF Plant Science","Baythroid XL","264-840",0.109,NA,"Beta-cyfluthrin Cyano(4-fluoro-3-phenoxyphenyl)methyl-3-(2,2-dichloro-ethenyl)-2,2-dimethyl-cyclopropanecarboxylate 12.70%",0.109,"",NA,"",NA,5,2.5
7,2014,"BASF Plant Science","Lannate LV","352-384",0.469,NA,"Methomyl (S-methyl-N-[(methylcarbomoyl)oxy] thioacetimidate) 29%",1.126,"",NA,"",NA,2.5,2.5
7,2014,"BASF Plant Science","Sniper","34704-858",0.002,NA,"Bifrenthrin: (2 methyl[1,1'-biphenyl]-3-yl) methyl 3-(2-chloro-3.3.3-trifluoro-1-propenyl)-2,2-dimethly-cyclopropanecarboxylate 25.0%",0.004,"",NA,"",NA,0.1,0.1
7,2014,"BASF Plant Science","Warrior II w/zeon ","100-1295",0.062,NA,"Lambda-cyhalothrin 1,2 22.8%",0.129,"",NA,"",NA,4.45,4.35
7,2014,"Kaua'i Coffee Co. LLC","Gramoxone SL 2.0","100-1431",34.5,NA,"Paraquat dichloride",69,"",NA,"",NA,94.2,94.2
7,2014,"Dow AgroSciences","Asana XL","352-515",0.8,NA,"Estenvalerate",0.6,"",NA,"",NA,11.8,11.8
7,2014,"Dow AgroSciences","Atrazine 4L","66222-36",8,NA,"Atrazine",31.9,"",NA,"",NA,34.3,34.3
7,2014,"Dow AgroSciences","Baythroid XL","264-840",0.6,NA,"Beta-cyfluthrin",0.6,"",NA,"",NA,27,27
7,2014,"Dow AgroSciences","Cobalt Advanced","62719-615",2.6,NA,"Chlorpyrifos",6.4,"Lambda-cyhalothrin",0.3,"",NA,9.4,9.4
7,2014,"Dow AgroSciences","Coragen","352-729",0.5,NA,"Chlorantraniliprole",0.8,"",NA,"",NA,11.7,11.7
7,2014,"Dow AgroSciences","Dual II Magnum","100-818",1.3,NA,"S-metolachlor",9.6,"",NA,"",NA,2.5,2.5
7,2014,"Dow AgroSciences","Gramoxone 2.0 SL","100-1431",11.8,NA,"Paraquat dichloride",23.7,"",NA,"",NA,47.4,47.4
7,2014,"Dow AgroSciences","Warrior II","100-1295",0.7,NA,"Lambda-cyhalothrin",1.4,"",NA,"",NA,43.4,43.4
7,2014,"DuPont Pioneer","Atrazine 4L","66222-36",0.195,NA,"Atrazine",0.78,"",NA,"",NA,0.78,0.78
7,2014,"DuPont Pioneer","Baythroid XL","264-840",1.57,NA,"Beta-cyfluthrin",1.57,"",NA,"",NA,80.35,80.35
7,2014,"DuPont Pioneer","Dual II Magnum","100-818",3.52,NA,"S-metolachlor",26.9,"",NA,"",NA,15.34,15.34
7,2014,"DuPont Pioneer","Lorsban Advanced","62719-591",5.175,NA,"Chlorpyrifos",19.432,"",NA,"",NA,27.6,27.6
7,2014,"DuPont Pioneer","Mustang Max","279-3249",0.3867,NA,"Zeta-cypermethrin",0.31,"",NA,"",NA,16.5,16.5
7,2014,"DuPont Pioneer","Mustang Maxx","279-3426",1.375,NA,"Zeta-cypermethrin",1.1,"",NA,"",NA,53.6,49.25
7,2014,"DuPont Pioneer","Permethrin","34704-873",0.272,NA,"Permethrin",0.87,"",NA,"",NA,5.8,5.8
7,2014,"DuPont Pioneer","Warrior II with Zeon Technology","100-1295",0.8,NA,"Lambda-cyhalothrin",1.664,"",NA,"",NA,53.89,44.72
7,2014,"DuPont Pioneer","Coragen","352-729",0.2748,NA,"Chlorantraniliprole",0.459,"",NA,"",NA,7.034,6.283
7,2014,"DuPont Pioneer","Force 3G","100-1075-5481",NA,49.7,"Tefluthrin",1.491,"",NA,"",NA,13.04,13.04
7,2014,"DuPont Pioneer","Gramoxone SL 2.0","100-1431",0.953,NA,"Paraquat dichloride",1.907,"",NA,"",NA,5.084,5.084
7,2014,"DuPont Pioneer","Intrro","524-314",8.15,NA,"Alachlor",32.6,"",NA,"",NA,13.04,13.04
7,2014,"Syngenta","Aatrex Nine-O","100-585",NA,9.72,"Atrazine",8.55,"",NA,"",NA,9.72,9.72
7,2014,"Syngenta","Asana XL","352-515",2.14,NA,"Esfenvalerate",1.41,"",NA,"",NA,30.38,30.38
7,2014,"Syngenta","Besiege","100-1402",2.46,NA,"Lambda-cyhalorthrin",1.03,"Chlorantraniliprole",2.05,"",NA,31.46,31.46
7,2014,"Syngenta","Dual II Magnum","100-818",0.47,NA,"S-Metolachlor",3.59,"",NA,"",NA,3,3
7,2014,"Syngenta","Lannate LV","352-384",2.06,NA,"Methomyl",4.94,"",NA,"",NA,11,11
7,2014,"Syngenta","Lorsban Advanced","62719-591",8.62,NA,"Chlorpyrifos",32.36,"",NA,"",NA,34.47,32.97
7,2014,"Syngenta","Lumax EZ","100-1442",33.64,NA,"S-Metolachlor",83.76,"Atrazine",31.45,"Mesotrione",8.38,44.85,44.85
7,2014,"Syngenta","Mustang","279-3126",1.1,NA,"S-Cyano Methyl",1.65,"",NA,"",NA,46.72,42.02
7,2014,"Syngenta","Permethrin","34704-873",0.14,NA,"Permethrin",0.45,"",NA,"",NA,3.02,3.02
7,2014,"Syngenta","Warrior II","100-1295",0.76,NA,"Lambda-cyhalorthrin",1.58,"",NA,"",NA,56.85,56.85
8,2014,"Syngenta","Aatrex Nine-O","100-585",NA,32.44,"Atrazine",28.55,"",NA,"",NA,32.44,32.44
8,2014,"Syngenta","Asana XL","352-515",0.61,NA,"Efsenvalerate",0.4,"",NA,"",NA,8.63,8.63
8,2014,"Syngenta","Besiege","100-1402",2.61,NA,"Lambda-cyhalothrin",1.09,"Chlorantraniliprole",2.18,"",NA,33.4,33.4
8,2014,"Syngenta","Lannate LV","352-384",3.11,NA,"Methomyl",7.46,"",NA,"",NA,16.6,16.6
8,2014,"Syngenta","Lorsban Advanced","62719-591",9.09,NA,"Chlorpyrifos",34.13,"",NA,"",NA,36.38,36.38
8,2014,"Syngenta","Lumax EZ","100-1442",34.25,NA,"S-Metolachlor",85.28,"Atrazine",32.02,"Mesotrione",8.53,45.67,45.67
8,2014,"Syngenta","Mustang","279-3126",1.13,NA,"S-Cyano Methyl",1.7,"",NA,"",NA,48.24,41.18
8,2014,"Syngenta","Warrior II","100-1295",0.83,NA,"Lambda-cyhalothrin",1.73,"",NA,"",NA,62.27,62.27
8,2014,"Kaua'i Coffee Co. LLC","Gramoxone SL 2.0","100-1431",29,NA,"Paraquat dichloride",58,"",NA,"",NA,87,87
8,2014,"Dow AgroSciences","Asana XL","352-515",5.777,NA,"Estenvalerate",3.81,"",NA,"",NA,82.2,82.2
8,2014,"Dow AgroSciences","Baythroid XL","264-840",1.258,NA,"Beta-cyfluthrin",1.26,"",NA,"",NA,57.5,55
8,2014,"Dow AgroSciences","Coragen","352-729",4.816,NA,"Chlorantraniliprole",8.04,"",NA,"",NA,123.3,121.5
8,2014,"Dow AgroSciences","Gramoxone 2.0 SL","100-1431",0.516,NA,"Paraquat dichloride",1.03,"",NA,"",NA,3,3
8,2014,"Dow AgroSciences","Lorsban Advanced","62719-591",16.244,NA,"Chlorpyrifos",61.08,"",NA,"",NA,79.1,79.1
8,2014,"Dow AgroSciences","Permethrin","34704-873",1.538,NA,"Permethrin",4.92,"",NA,"",NA,28.6,28.6
8,2014,"Dow AgroSciences","Warrior II","100-1295",0.348,NA,"Lambda-cyhalothrin",0.72,"",NA,"",NA,23.2,23.2
8,2014,"BASF Plant Science","Lorsban Advanced","62719-591",0.5,NA,"Chlorpyrifos",1.8775,"",NA,"",NA,2.5,2.5
8,2014,"BASF Plant Science","Mustang","279-3126",0.24,NA,"S-Cyano (3-phenoxyphenyl)methyl(+-) cis/trans 3-(2,2-dichloroethenyl)-2,2 dimethylcyclopropane carboxylate 17.1%",0.36,"",NA,"",NA,7.55,4.95
8,2014,"BASF Plant Science","Sniper","34704-858",0.25,NA,"Bifrenthrin: (2 methyl[1,1'-biphenyl]-3-yl) methyl 3-(2-chloro-3.3.3-trifluoro-1-propenyl)-2,2-dimethly-cyclopropanecarboxylate 25.0%",0.5,"",NA,"",NA,0.1,0.1
8,2014,"BASF Plant Science","Warrior II w/zeon ","100-1295",0.09,NA,"Lambda-cyhalothrin 1,2 22.8%",0.187,"",NA,"",NA,5.06,5.06
8,2014,"DuPont Pioneer","Lorsban Advanced","62719-591",7.206,NA,"Chlorpyrifos",27.06,"",NA,"",NA,38.43,38.43
8,2014,"DuPont Pioneer","Mustang Max","279-3249",0.018,NA,"Zeta-cypermethrin",0.0146,"",NA,"",NA,0.78,0.78
8,2014,"DuPont Pioneer","Mustang Maxx","279-3426",1.24,NA,"Zeta-cypermethrin",0.99,"",NA,"",NA,49.37,49.37
8,2014,"DuPont Pioneer","Permethrin","34704-873",1.8,NA,"Permethrin",5.76,"",NA,"",NA,38.43,38.43
8,2014,"DuPont Pioneer","Warrior II with Zeon Technology","100-1295",1.15,NA,"Lambda-cyhalothrin",2.392,"",NA,"",NA,77.64,39.21
8,2014,"DuPont Pioneer","Gramoxone SL 2.0","100-1431",1.9,NA,"Paraquat dichloride",3.81,"",NA,"",NA,8.35,8.35
8,2014,"DuPont Pioneer","Force 3G","100-1075-5481",NA,12.71,"Tefluthrin",0.3813,"",NA,"",NA,3.33,3.33
8,2014,"DuPont Pioneer","Intrro","524-314",2.084,NA,"Alachlor",8.336,"",NA,"",NA,3.33,3.33
9,2014,"Syngenta","Aatrex Nine-O","100-585",NA,5.7,"Atrazine",5.016,"",NA,"",NA,5.7,5.7
9,2014,"Syngenta","Asana XL","352-515",1.01,NA,"Esfenvalerate",0.67,"",NA,"",NA,14.34,14.34
9,2014,"Syngenta","Baythroid XL","264-840",0.02,NA,"B-Cyfluthrin",0.02,"",NA,"",NA,1.25,1.25
9,2014,"Syngenta","Beseige","100-1402",3.78,NA,"Lambda-Cyhalothrin",1.58,"Chlorantraniliprole",3.16,"",NA,48.39,48.39
9,2014,"Syngenta","Dual II Magnum","100-818",0.49,NA,"S-Metolachlor",3.74,"",NA,"",NA,3.12,3.12
9,2014,"Syngenta","Lannate LV","352-384",2.89,NA,"Methomyl",6.94,"",NA,"",NA,15.4,15.4
9,2014,"Syngenta","Lorsban Advanced","62719-591",16.82,NA,"Chlorpyrifos",63.16,"",NA,"",NA,67.26,45.66
9,2014,"Syngenta","Lumax EZ","100-1442",18.94,NA,"S-Metolachlor",47.16,"Atrazine",17.71,"Mesotrione",4.72,25.25,25.25
9,2014,"Syngenta","Mustang","279-3126",1.06,NA,"S-CyanoMethyl",1.59,"",NA,"",NA,45.33,38.75
9,2014,"Syngenta","Permethrin","34707-873",0.15,NA,"Permethrin",0.48,"",NA,"",NA,3.12,3.12
9,2014,"Syngenta","Warrior II","100-1295",0.52,NA,"Lambda-Cyhalothrin",1.08,"",NA,"",NA,39.4,39.4
9,2014,"Kaua'i Coffee Co. LLC","No RUP's used","",0,0,"",NA,"",NA,"",NA,NA,NA
9,2014,"Dow AgroSciences","Asana XL","352-515",1.8,NA,"Estenvalerate",1.2,"",NA,"",NA,25.6,25.6
9,2014,"Dow AgroSciences","Cobalt Advanced","62719-615",1.5,NA,"Chlorpyrifos",3.7,"Lambda-cyhalothrin",0.2,"",NA,5.4,5.4
9,2014,"Dow AgroSciences","Coragen","352-729",1.9,NA,"Chlorantraniliprole",3.2,"",NA,"",NA,49,25
9,2014,"Dow AgroSciences","Dual II Magnum","100-818",0.5,NA,"S-metolachlor",4,"",NA,"",NA,2.1,2.1
9,2014,"Dow AgroSciences","Gramoxone 2.0 SL","100-1431",42.7,NA,"Paraquat dichloride",85.4,"",NA,"",NA,246.8,217.7
9,2014,"Dow AgroSciences","Lorsban Advanced","62719-591",9.7,NA,"Chlorpyrifos",36.6,"",NA,"",NA,38.9,38.9
9,2014,"Dow AgroSciences","Permethrin","34704-873",0.44,NA,"Permethrin",0.1,"",NA,"",NA,0.7,0.7
9,2014,"BASF Plant Science","Atrazine 4L","34704-69",0.63,NA,"Atrazine (2-chloro-4-ethylamino-6-isopropylamino-s-triazine) 42.2%",2.5,"",NA,"",NA,2.5,2.5
9,2014,"BASF Plant Science","Mustang","279-3126",0.17,NA,"S-Cyano (3-phenoxyphenyl)methyl(+-) cis/trans 3-(2,2-dichloroethenyl)-2,2 dimethylcyclopropane carboxylate 17.1%",0.25,"",NA,"",NA,5.3,3.95
9,2014,"BASF Plant Science","Warrior II w/zeon ","100-1295",0.02,NA,"Lambda-cyhalothrin 1,2 22.8%",0.043,"",NA,"",NA,1.35,1.35
9,2014,"DuPont Pioneer","Mustang Maxx","279-3426",0.0674,NA,"Zeta-cypermethrin",0.0539,"",NA,"",NA,2.36,2.36
9,2014,"DuPont Pioneer","Gramoxone SL 2.0","100-1431",0.422,NA,"Paraquat dichloride",0.843,"",NA,"",NA,1.69,1.69
9,2014,"DuPont Pioneer","Force 3G","100-1075-5481",NA,8.52,"Tefluthrin",0.2556,"",NA,"",NA,2.06,2.06
9,2014,"DuPont Pioneer","Dual II Magnum","100-818",0.7818,NA,"S-metolachlor",5.9731,"",NA,"",NA,3.13,3.13
9,2014,"DuPont Pioneer","Coragen","352-729",0.1965,NA,"Chlorantraniliprole",0.328,"",NA,"",NA,6.29,6.29
9,2014,"DuPont Pioneer","Mustang Max","279-3249",0.1284,NA,"Zeta-cypermethrin",0.103,"",NA,"",NA,5.48,3.13
9,2014,"DuPont Pioneer","Warrior II with Zeon Technology","100-1295",0.0349,NA,"Lambda-cyhalothrin",0.0726,"",NA,"",NA,2.35,2.35
9,2014,"DuPont Pioneer","Permethrin","34704-873",0.731,NA,"Permethrin",2.339,"",NA,"",NA,15.6,15.6
10,2014,"Kaua'i Coffee Co. LLC","Gramoxone SL 2.0","100-1431",33.5,NA,"Paraquat dichloride",67,"",NA,"",NA,84,84
10,2014,"Syngenta","Aatrex Nine-O","100-585",NA,15.09,"Atrazine",13.28,"",NA,"",NA,15.09,15.09
10,2014,"Syngenta","Asana XL","352-515",7e-04,NA,"Esfenvalerate",0.00462,"",NA,"",NA,0.01,0.01
10,2014,"Syngenta","Besiege","100-1402",0.59,NA,"Lambda-Cyhalothrin",0.25,"Chlorantraniliprole",0.49,"",NA,7.5,7.5
10,2014,"Syngenta","Callisto EUP","100-EUP-114",0.013,NA,"Mesotrione",0.052,"",NA,"",NA,0.14,0.14
10,2014,"Syngenta","Dual II Magnum","100-818",0.2,NA,"S-metolachlor",1.53,"",NA,"",NA,1.3,1.3
10,2014,"Syngenta","Lannate LV","352-384",4.8,NA,"Methomyl",11.52,"",NA,"",NA,25.6,25.6
10,2014,"Syngenta","Lorsban Advanced","62719-591",7.61,NA,"Chlorpyrifos",28.58,"",NA,"",NA,30.45,30.45
10,2014,"Syngenta","Lumax EZ","100-1442",160.88,NA,"S-metolachlor",400.59,"Atrazine",150.42,"Mesotrione",40.06,214.5,214.5
10,2014,"Syngenta","Mustang","279-3126",1.34,NA,"S-Cyano Methyl",2.01,"",NA,"",NA,57.15,57.15
10,2014,"Syngenta","Permethrin","34707-873",0.06,NA,"Permethrin",0.19,"",NA,"",NA,1.3,1.3
10,2014,"Syngenta","Warrior II","100-1295",3.2,NA,"Lambda-Cyhalothrin",6.65,"",NA,"",NA,240.6,240.6
10,2014,"Dow AgroSciences","Baythroid XL","264-840",0.07,NA,"Beta-cyfluthrin",0.07,"",NA,"",NA,3.2,3.2
10,2014,"Dow AgroSciences","Coragen","352-729",0.03,NA,"Chlorantraniliprole",0.05,"",NA,"",NA,0.7,0.7
10,2014,"Dow AgroSciences","Dual II Magnum","100-818",59.63,NA,"S-metolachlor",455.54,"",NA,"",NA,238.5,238.5
10,2014,"Dow AgroSciences","Gramoxone 2.0 SL","100-1431",79.34,NA,"Paraquat dichloride",158.68,"",NA,"",NA,445.1,422
10,2014,"Dow AgroSciences","Lumax","100-1152",30.19,NA,"Mesotrione",8.09,"Atrazine",30.19,"S-metolachlor",80.9,48.3,48.3
10,2014,"Dow AgroSciences","Permethrin","34704-873",0.008,NA,"Permethrin",0.03,"",NA,"",NA,0.13,0.13
10,2014,"BASF Plant Science","Atrazine 4L","34704-69",6.56,NA,"Atrazine (2-chloro-4-ethylamino-6-isopropylamino-s-triazine) 42.2%",26.25,"",NA,"",NA,26.25,26.25
10,2014,"BASF Plant Science","Intro","524-314",12.25,NA,"Alachlor, 2-chloro-2',6'-diethyl-N-(methoxymethyl)acetanilide 45.1%",49,"",NA,"",NA,23,23
10,2014,"BASF Plant Science","Lorsban Advanced","62719-591",7.5,NA,"chlorpyrifos: O,O-diethyl-O-(3,5,6-trichloro-2-pyridinyl)phosphorothioate 40.2%",28.163,"",NA,"",NA,28,26.5
10,2014,"BASF Plant Science","Mustang","279-3126",0.147,NA,"S-Cyano (3-phenoxyphenyl)methyl(+-) cis/trans 3-(2,2-dichloroethenyl)-2,2 dimethylcyclopropane carboxylate 17.1%",0.22,"",NA,"",NA,4.7,2.35
10,2014,"BASF Plant Science","Sniper","34704-858",0.068,NA,"Bifenthrin: (2 methyl[1, 1'-biphenyl]-3-yl) methyl 3-(2-chloro-3,3,3-trifluoro-1-propenyl)-2,2-dimethyl-cyclopropanecarboxylate 25.0%",0.137,"",NA,"",NA,3.5,1.7
10,2014,"BASF Plant Science","Warrior II w/zeon ","100-1295",0.045,NA,"Lambda-cyhalothrin 1,2 22.8%",0.094,"",NA,"",NA,3,3
10,2014,"DuPont Pioneer","Dual II Magnum","100-818",4.8845,NA,"S-metolachlor",37.3175,"",NA,"",NA,19.54,19.54
10,2014,"DuPont Pioneer","Force 3G","100-1075-5481",NA,75.73,"Tefluthrin",2.272,"",NA,"",NA,23.18,23.18
10,2014,"DuPont Pioneer","Gramoxone SL 2.0","100-1431",0.431,NA,"Paraquat dichloride",0.862,"",NA,"",NA,1.72,1.72
10,2014,"DuPont Pioneer","Intrro","524-314",4.7968,NA,"Alachlor",19.187,"",NA,"",NA,7.67,7.67
10,2014,"DuPont Pioneer","Mustang Maxx","279-3426",0.3743,NA,"Zeta-cypermethrin",0.2994,"",NA,"",NA,11.98,6.61
10,2014,"DuPont Pioneer","Permethrin","34704-873",0.705,NA,"Permethrin",2.2575,"",NA,"",NA,15.05,15.05
10,2014,"DuPont Pioneer","Baythroid XL","264-840",0.128,NA,"Beta-cyfluthrin",0.128,"",NA,"",NA,6.56,6.56
10,2014,"DuPont Pioneer","Warrior II with Zeon Technology","100-1295",0.03525,NA,"Lambda-cyhalothrin",0.07332,"",NA,"",NA,2.35,2.35
11,2014,"Kaua'i Coffee Co. LLC","No RUP's used","",0,0,"",0,"",NA,"",NA,0,0
11,2014,"Dow AgroSciences","Asana XL","352-515",0.3,NA,"Estenvalerate",0.2,"",NA,"",NA,4.6,4.6
11,2014,"Dow AgroSciences","Atrazine 4L","34704-69",30.54,NA,"Atrazine",122.15,"",NA,"",NA,69.9,69.9
11,2014,"Dow AgroSciences","Baythroid XL","264-840",2.12,NA,"Beta-cyfluthrin",2.12,"",NA,"",NA,96.9,84.9
11,2014,"Dow AgroSciences","Cobalt Advanced","62719-615",3.77,NA,"Chlorpyrifos",9.44,"Lambda-cyhalothrin",0.49,"",NA,13.8,13.8
11,2014,"Dow AgroSciences","Coragen","352-729",0.72,NA,"Chlorantraniliprole",1.2,"",NA,"",NA,18.4,16.1
11,2014,"Dow AgroSciences","Dual II Magnum","100-818",37.23,NA,"S-metolachlor",284.42,"",NA,"",NA,149.7,149.7
11,2014,"Dow AgroSciences","Lorsban Advanced","62719-591",1.85,NA,"Chlorpyrifos",6.96,"",NA,"",NA,7.4,7.4
11,2014,"Dow AgroSciences","Lumax","100-1152",22.13,NA,"Mesotrione",5.93,"Atrazine",22.13,"S-metolachlor",59.3,35.4,35.4
11,2014,"Dow AgroSciences","Permethrin","34704-873",1.65,NA,"Permethrin",5.28,"",NA,"",NA,26.4,26.4
11,2014,"BASF Plant Science","Atrazine 4L","34704-69",8.8,NA,"Atrazine (2-chloro-4-ethylamino-6-isopropylamino-s-triazine) 42.2%",35.2,"",NA,"",NA,35.5,35.5
11,2014,"BASF Plant Science","Baythroid XL","264-840",0.131,NA,"Beta-cyfluthrin Cyano(4-fluoro-3-phenoxyphenyl)methyl-3-(2,2-dichloro-ethenyl)-2,2-dimethyl-cyclopropanecarboxylate 12.70%",0.131,"",NA,"",NA,6,3
11,2014,"BASF Plant Science","Lorsban Advanced","62719-591",4,NA,"chlorpyrifos: O,O-diethyl-O-(3,5,6-trichloro-2-pyridinyl)phosphorothioate 40.2%",15.02,"",NA,"",NA,16,16
11,2014,"BASF Plant Science","Lannate LV","352-384",0.75,NA,"Methomyl (S-methyl-N-[(methylcarbamoyl)oxy]thioacetimidate) 29%",1.8,"",NA,"",NA,4,4
11,2014,"BASF Plant Science","Warrior II w/zeon ","100-1295",0.788,NA,"Lambda-cyhalothrin 1,2 22.8%",1.638,"",NA,"",NA,52.5,30
11,2014,"Syngenta","Aatrex Nine O","100-585",NA,35.08,"Atrazine",30.87,"",NA,"",NA,35.08,35.08
11,2014,"Syngenta","Besiege","100-1402",5.87,NA,"Lambda-Cyhalothrin",2.45,"Chlorantraniliprole",4.9,"",NA,75.1,75.1
11,2014,"Syngenta","Callisto EUP","100-EUP-114",0.1,NA,"Mesotrione",0.4,"",NA,"",NA,1.11,1.11
11,2014,"Syngenta","Dual II Magnum","100-818",0.31,NA,"S-Metolachlor",2.37,"",NA,"",NA,2,2
11,2014,"Syngenta","Lannate LV","352-384",12,NA,"Methomyl",28.8,"",NA,"",NA,64.05,64.05
11,2014,"Syngenta","Lorsban Advanced","62719-591",19.13,NA,"Chlorpyrifos",71.83,"",NA,"",NA,76.5,76.5
11,2014,"Syngenta","Lumax EZ","100-1442",162.65,NA,"S-Metolachlor",405,"Atrazine",152.07,"Mesotrione",40.5,216.86,216.86
11,2014,"Syngenta","Mustang","279-3126",2.16,NA,"S-Cyano Methyl",3.24,"",NA,"",NA,92.05,65.8
11,2014,"Syngenta","Permethrin","34704-873",0.09,NA,"Permethrin",0.29,"",NA,"",NA,2,2
11,2014,"Syngenta","Warrior II","100-1295",3.73,NA,"Lambda-Cyhalothrin",7.76,"",NA,"",NA,280.91,280.91
11,2014,"DuPont Pioneer","Coragen","352-729",0.8,NA,"Chlorantraniliprole",1.34,"",NA,"",NA,20.54,20.54
11,2014,"DuPont Pioneer","Dual II Magnum","100-818",12.37,NA,"S-metolachlor",94.5,"",NA,"",NA,49.46,49.46
11,2014,"DuPont Pioneer","Force 3G","100-1075-5481",NA,167,"Tefluthrin",5.01,"",NA,"",NA,51.12,51.12
11,2014,"DuPont Pioneer","Permethrin","34704-873",2.221,NA,"Permethrin",7.107,"",NA,"",NA,46.69,46.69
11,2014,"DuPont Pioneer","Mustang Max","279-3249",0.08,NA,"Zeta-cypermethrin",0.064,"",NA,"",NA,3.4,3.4
11,2014,"DuPont Pioneer","Mustang Maxx","279-3426",0.582,NA,"Zeta-cypermethrin",0.466,"",NA,"",NA,24.83,24.83
11,2014,"DuPont Pioneer","Warrior II with Zeon Technology","100-1295",0.24,NA,"Lambda-cyhalothrin",0.5,"",NA,"",NA,16.12,16.12
12,2014,"BASF Plant Science","Atrazine 4L","34704-69",2.25,NA,"Atrazine (2-chloro-4-ethylamino-6-isopropylamino-s-triazine) 42.2%",9,"",NA,"",NA,9,9
12,2014,"BASF Plant Science","Lorsban Advanced","62719-591",11.88,NA,"chlorpyrifos: O,O-diethyl-O-(3,5,6-trichloro-2-pyridinyl)phosphorothioate 40.2%",44.61,"",NA,"",NA,47.5,34
12,2014,"BASF Plant Science","Mustang","279-3126",0.12,NA,"S-Cyano (3-phenoxyphenyl)methyl(+-) cis/trans 3-(2,2-dichloroethenyl)-2,2 dimethylcyclopropane carboxylate 17.1%",0.18,"",NA,"",NA,3.75,3.75
12,2014,"BASF Plant Science","Warrior II w/zeon ","100-1295",0.62,NA,"Lambda-cyhalothrin 1,2 22.8%",1.29,"",NA,"",NA,41.5,34
12,2014,"Kaua'i Coffee Co. LLC","No RUP's used","",0,0,"",NA,"",NA,"",NA,0,0
12,2014,"Syngenta","Aatrex Nine O","100-585",NA,113.12,"Atrazine",99.55,"",NA,"",NA,113.12,113.12
12,2014,"Syngenta","Asana XL","352-515",0.25,NA,"Esfenvalerate",0.165,"",NA,"",NA,3.5,3.5
12,2014,"Syngenta","Besiege","100-1402",2.83,NA,"Lamdba-Cyhalothrin",1.18,"Chlorantraniliprole",2.36,"",NA,36.2,36.2
12,2014,"Syngenta","Callisto EUP","100-EUP-114",0.12,NA,"Mesotrione",0.48,"",NA,"",NA,2.5,2.5
12,2014,"Syngenta","Dual II Magnum","100-818",0.61,NA,"S-Metolachlor",4.66,"",NA,"",NA,3.9,3.9
12,2014,"Syngenta","Lannate LV","352-384",19.83,NA,"Methomyl",47.6,"",NA,"",NA,105.74,105.74
12,2014,"Syngenta","Lorsban Advanced","62719-591",49.87,NA,"Chlorpyrifos",187.26,"",NA,"",NA,199.48,184.94
12,2014,"Syngenta","Lumax EZ","100-1442",30.01,NA,"S-Metolachlor",74.72,"Atrazine",28.06,"Mesotrione",7.47,40.06,40.06
12,2014,"Syngenta","Mustang","279-3126",4.21,NA,"S-Cyano Methyl",6.32,"",NA,"",NA,179.78,179.78
12,2014,"Syngenta","Permethrin","34704-873",1.35,NA,"Permethrin",4.32,"",NA,"",NA,28.81,28.81
12,2014,"Syngenta","Warrior II","100-1295",2.34,NA,"Lamdba-Cyhalothrin",4.87,"",NA,"",NA,176.06,157.56
12,2014,"DuPont Pioneer","Baythroid XL","264-840",0.785,NA,"Beta-cyfluthrin",0.785,"",NA,"",NA,40.21,40.21
12,2014,"DuPont Pioneer","Coragen","352-729",2.47,NA,"Chlorantraniliprole",4.125,"",NA,"",NA,63.24,46.26
12,2014,"DuPont Pioneer","Mustang Maxx","279-3426",1.23,NA,"Zeta-cypermethrin",0.984,"",NA,"",NA,47.91,47.91
12,2014,"DuPont Pioneer","Permethrin","34704-873",0.933,NA,"Permethrin",2.985,"",NA,"",NA,19.9,19.9
12,2014,"DuPont Pioneer","Warrior II with Zeon Technology","100-1295",0.676,NA,"Lambda-cyhalothrin",1.406,"",NA,"",NA,45.07,45.07
12,2014,"Dow AgroSciences ","Asana XL","352-515",0.12,NA,"Estenvalerate",0.08,"",NA,"",NA,1.7,1.7
12,2014,"Dow AgroSciences ","Atrazine 4L","66222-36",4.4,NA,"Atrazine",17.6,"",NA,"",NA,8.8,8.8
12,2014,"Dow AgroSciences ","Cobalt Advanced","62719-615",66.15,NA,"Chlorpyrifos",165.56,"Lambda-cyhalothrin",8.53,"",NA,241.9,229.15
12,2014,"Dow AgroSciences ","Coragen","352-729",12.31,NA,"Chlorantraniliprole",20.56,"",NA,"",NA,313.9,298.8
12,2014,"Dow AgroSciences ","Dual II Magnum","100-818",1.95,NA,"S-metolachlor",14.88,"",NA,"",NA,7.8,7.8
12,2014,"Dow AgroSciences ","Gramoxone 2.0 SL","100-1431",23.4,NA,"Paraquat-dichloride",46.8,"",NA,"",NA,131.15,131.15
12,2014,"Dow AgroSciences ","Intrro","524-314",3.81,NA,"Alachlor",15.25,"",NA,"",NA,6.1,6.1
12,2014,"Dow AgroSciences ","Lumax","100-1152",6.06,NA,"Mesotrione",1.62,"Atrazine",6.06,"S-metachlor",16.25,9.7,9.7
12,2014,"Dow AgroSciences ","Permethrin","34704-873",9.07,NA,"Permethrin",29.02,"",NA,"",NA,145.1,141.05
12,2014,"Dow AgroSciences ","Warrior II","100-1295",0.08,NA,"Lambda-cyhalothrin",0.17,"",NA,"",NA,6.9,6.9
1,2015,"Syngenta","Asana XL","352-515",5.92,NA,"Esfenvalerate",3.91,"",NA,"",NA,84.25,84.25
1,2015,"Syngenta","Baythroid XL","264-840",1.76,NA,"B-Cyfluthrin",1.76,"",NA,"",NA,89.9,89.9
1,2015,"Syngenta","Besiege","100-1402",7.1,NA,"Lambda-Cyhalothrin",2.96,"Chlorantraniliprole",5.93,"",NA,90.82,90.82
1,2015,"Syngenta","Dual II Magnum","100-818",0.31,NA,"S-Metolachlor",2.37,"",NA,"",NA,2,2
1,2015,"Syngenta","Force 3G","100-1075",NA,0.2,"Tefluthrin",0.006,"",NA,"",NA,0.04,0.04
1,2015,"Syngenta","Lorsban Advanced","62719-591",3.3,NA,"Chlorpyrifos",12.39,"",NA,"",NA,13.2,13.2
1,2015,"Syngenta","Mustang","279-3126",0.65,NA,"S-Cyano Methyl",0.98,"",NA,"",NA,79.19,79.19
1,2015,"Syngenta","Permethrin","34704-873",1.31,NA,"Permethrin",4.19,"",NA,"",NA,27.9,27.9
1,2015,"Syngenta","Warrior II","100-1295",0.04,NA,"Lambda-Cyhalothrin",0.08,"",NA,"",NA,3.01,3.01
1,2015,"Kaua'i Coffee Co. LLC","Gramoxone SL 2.0","100-1431",3.6,NA,"Paraquat dichloride",7.2,"",NA,"",NA,11.5,11.5
1,2015,"Dow AgroSciences","Asana XL","352-515",9.2,NA,"Estenvalerate",6.1,"",NA,"",NA,131.2,105.9
1,2015,"Dow AgroSciences","Atrazine 4L","66222-36",1,NA,"Atrazine",4,"",NA,"",NA,2,2
1,2015,"Dow AgroSciences","Baythroid XL","264-840",0.7,NA,"Beta-cyfluthrin",0.7,"",NA,"",NA,30.1,26.5
1,2015,"Dow AgroSciences","Cobalt Advanced","62719-615",9.9,NA,"Chlorpyrifos",24.8,"Lambda-cyhalothrin",1.3,"",NA,36.3,36.3
1,2015,"Dow AgroSciences","Coragen","352-729",6.4,NA,"Chlorantraniliprole",10.7,"",NA,"",NA,163.4,118.1
1,2015,"Dow AgroSciences","Dual II Magnum","100-818",0.5,NA,"S-metolachlor",3.6,"",NA,"",NA,1.9,1.9
1,2015,"Dow AgroSciences","Gramoxone 2.0 SL","100-1431",5.1,NA,"Paraquat dichloride",10.2,"",NA,"",NA,27.2,27.2
1,2015,"Dow AgroSciences","Lorsban Advanced","62719-591",7.8,NA,"Chlorpyrifos",29.4,"",NA,"",NA,31.3,31.3
1,2015,"Dow AgroSciences","Lumax","100-1152",2.1,NA,"Mesotrione",0.6,"Atrazine",2.1,"S-metolachlor",5.5,3.3,3.3
1,2015,"Dow AgroSciences","Permethrin","34704-873",4.2,NA,"Permethrin",13.3,"",NA,"",NA,66.6,60.2
1,2015,"BASF Plant Science","Baythroid XL","264-840",0.77,NA,"Beta-cyfluthrin Cyano(4-fluoro-3-phenoxyphenyl)methyl-3-(-2,2-dimethyl-cyclopropanecarboxylate 12.70%",0.77,"",NA,"",NA,35,35
1,2015,"BASF Plant Science","Atrazine 4L","34704-69",0.38,NA,"Atrazine (2-chloro-4-ethylamino-6-isopropylamino-2-triazine) 42.2%",1.5,"",NA,"",NA,1.5,1.5
1,2015,"BASF Plant Science","Besiege","100-1402",0.05,NA,"Lambda-Cyhalothrin",0.021,"Chlorantraniliprole",0.042,"",NA,0.75,0.75
1,2015,"DuPont Pioneer","Asana XL","352-515",1.82,NA,"Esfenvalerate",1.2,"",NA,"",NA,29.13,29.13
1,2015,"DuPont Pioneer","Baythroid XL","264-840",0.5755,NA,"Beta-cyfluthrin",0.5755,"",NA,"",NA,41.25,33.91
1,2015,"DuPont Pioneer","Lannate LV","352-384",3.718,NA,"Methomyl",8.924,"",NA,"",NA,19.83,19.83
1,2015,"DuPont Pioneer","Mustang Maxx","279-3426",0.5246,NA,"Zeta-cypermethrin",0.4197,"",NA,"",NA,21.32,21.32
1,2015,"DuPont Pioneer","Permethrin","34704-873",0.797,NA,"Permethrin",2.55,"",NA,"",NA,16.23,16.23
1,2015,"DuPont Pioneer","Warrior II with Zeon Technology","100-1295",1.029,NA,"Lambda-cyhalothrin",2.1403,"",NA,"",NA,68.6,65.3
1,2015,"DuPont Pioneer","Coragen","352-729",0.874,NA,"Chlorantraniliprole",1.4596,"",NA,"",NA,22.38,22.38
1,2015,"DuPont Pioneer","Dual II Magnum","100-818",0.366,NA,"S-metolachlor",2.796,"",NA,"",NA,1.46,1.46
1,2015,"DuPont Pioneer","Force 3G","100-1075-5481",NA,4.288,"Tefluthrin",0.1286,"",NA,"",NA,1.31,1.31
1,2015,"DuPont Pioneer","Gramoxone SL 2.0","100-1431",0.6773,NA,"Paraquat dichloride",1.3546,"",NA,"",NA,2.71,2.71
2,2015,"Kaua'i Coffee Co. LLC","Gramoxone SL 2.0","100-1431",20.6,NA,"Paraquat dichloride",41.2,"",NA,"",NA,63.85,63.85
2,2015,"BASF Plant Science","Lannate LV","352-384",0.28,NA,"Methomyl (S-methyl-N-[(methylcarbamoyl)oxy]thioacetimidate) 29%",0.68,"",NA,"",NA,1.5,0.5
2,2015,"BASF Plant Science","Lorsban Advanced","62719-591",0.38,NA,"chlorpyrifos: O,O-diethyl-O-(3,5,6-trichloro-2-pyridinyl)phosphorothioate 40.2%",1.43,"",NA,"",NA,1.5,0.5
2,2015,"BASF Plant Science","Warrior II w/Zeon Technology","100-1295",0.02,NA,"Lambda-cyhalothrin 1,2 22.8%",0.03,"",NA,"",NA,1,0.5
2,2015,"Syngenta","Agri-Flex*","100-1350",0.001,NA,"Abamectin",0.00027,"Thiamethoxam",0.00127,"",NA,0.04,0.04
2,2015,"Syngenta","Agri-Mek","100-1351",0.001,NA,"Abamectin",7e-04,"",NA,"",NA,0.04,0.04
2,2015,"Syngenta","Asana XL","352-515",3.4,NA,"Esfenvalerate",2.24,"",NA,"",NA,48.42,48.42
2,2015,"Syngenta","Baythroid XL","264-840",0.06,NA,"B-Cyfluthrin",0.06,"",NA,"",NA,3,3
2,2015,"Syngenta","Force 3G","100-1075",NA,10.75,"Tefluthrin",0.32,"",NA,"",NA,2.15,2.15
2,2015,"Syngenta","Lorsban Advanced","62719-591",0.04,NA,"Chloryrifos",0.15,"",NA,"",NA,0.16,0.16
2,2015,"Syngenta","Lumax EZ","100-1442",8.66,NA,"S-Metolachlor",21.56,"Atrazine",8.09,"Mesotrione",2.16,11.55,11.55
2,2015,"Syngenta","Warrior II","100-1295",0.13,NA,"Lambda-Cyahothrin",0.27,"",NA,"",NA,5.7,5.7
2,2015,"Dow AgroSciences","Asana XL","352-515",4,NA,"Estenvalerate",2.7,"",NA,"",NA,57.8,53.5
2,2015,"Dow AgroSciences","Baythroid XL","264-840",0.3,NA,"Beta-cyfluthrin",0.3,"",NA,"",NA,14.2,14.2
2,2015,"Dow AgroSciences","Cobalt Advanced","62719-615",14.2,NA,"Chlorpyrifos",35.6,"Lambda-cyhalothrin",1.8,"",NA,52.1,48.7
2,2015,"Dow AgroSciences","Coragen","352-729",2.7,NA,"Chlorantraniliprole",4.6,"",NA,"",NA,69.8,64.8
2,2015,"Dow AgroSciences","Dual II Magnum","100-818",1.5,NA,"S-metolachlor",11.7,"",NA,"",NA,6.1,6.1
2,2015,"Dow AgroSciences","Gramoxone 2.0 SL","100-1431",0.188,NA,"Paraquat dichloride",0.38,"",NA,"",NA,1,1
2,2015,"Dow AgroSciences","Lannate LV","352-384",0.2,NA,"Methomyl",0.4,"",NA,"",NA,1,1
2,2015,"Dow AgroSciences","Lorsban Advanced","62719-591",7.8,NA,"Chlorpyrifos",29.1,"",NA,"",NA,31,31
2,2015,"Dow AgroSciences","Permethrin","34704-873",0.4,NA,"Permethrin",1.4,"",NA,"",NA,7,7
2,2015,"DuPont Pioneer","Dual II Magnum","100-818",1.53,NA,"S-metolachlor",11.6892,"",NA,"",NA,6.04,6.04
2,2015,"DuPont Pioneer","Force 3G","100-1075-5481",NA,3.246,"Tefluthrin",0.0974,"",NA,"",NA,0.99,0.99
2,2015,"DuPont Pioneer","Gramoxone SL 2.0","100-1431",4.45,NA,"Paraquat dichloride",8.9,"",NA,"",NA,17.8,17.8
2,2015,"DuPont Pioneer","Mustang Maxx","279-3426",0.08731,NA,"Zeta-cypermethrin",0.06985,"",NA,"",NA,2.79,1.45
2,2015,"DuPont Pioneer","Baythroid XL","264-840",0.349,NA,"Beta-cyfluthrin",0.349,"",NA,"",NA,17.88,17.88
2,2015,"DuPont Pioneer","Warrior II with Zeon Technology","100-1295",0.6677,NA,"Lambda-cyhalothrin",1.3887,"",NA,"",NA,44.51,44.51
3,2015,"Kaua'i Coffee Co. LLC","Gramoxone SL 2.0","100-1431",8.75,NA,"Paraquat dichloride",17.5,"",NA,"",NA,24.21,24.21
3,2015,"BASF Plant Science","Atrazine 4L","34704-69",0.5,NA,"Atrazine:(2-Chloro-4-ethylamino-6-isopropylamino-s-triazine 42.6, Related compounds 0.9%",2,"",NA,"",NA,2,2
3,2015,"BASF Plant Science","Baythroid XL","264-840",0.03,NA,"Beta-cyfluthrin Cyano(4-fluoro-3-phenoxyphenyl)methyl-3-(2,2-dichloro-ethenyl)-2,2-dimethyl-cyclopropanecarboxylate 12.70%",0.03,"",NA,"",NA,1.5,0.5
3,2015,"BASF Plant Science","Lannate LV","352-384",0.56,NA,"Methomyl (S-methyl-N-[(methylcarbamoyl)oxy]thioacetimidate) 29%",1.35,"",NA,"",NA,3,2.5
3,2015,"BASF Plant Science","Lorsban Advanced","62719-591",0.5,NA,"chlorpyrifos: O,O-diethyl-O-(3,5,6-trichloro-2-pyridinyl)phosphorothioate 40.2%",1.88,"",NA,"",NA,2,2
3,2015,"BASF Plant Science","Mustang","279-3126",0.05,NA,"S-Cyano (3-phenoxyphenyl)methyl(+-) cis/trans 3-(2,2-dichloroethenyl)-2,2 dimethylcyclopropane carboxylate 17.1%",0.8,"",NA,"",NA,1.7,1.1
3,2015,"BASF Plant Science","Sniper","34704-858",0.023,NA,"Bifenthrin: (2 methyl[1, 1'-biphenyl]-3-yl) methyl 3-(2-chloro-3,3,3-trifluoro-1-propenyl)-2,2-dimethyl-cyclopropanecarboxylate 25.0%",0.047,"",NA,"",NA,1.2,1.2
3,2015,"BASF Plant Science","Warrior II w/Zeon Technology","100-1295",0.059,NA,"Lambda-cyhalothrin 1,2 22.8%",0.123,"",NA,"",NA,3.95,3.5
3,2015,"BASF Plant Science","Besiege","100-1402",0.04,NA,"Lambda-Cyhalothrin",0.017,"Chlorantraniliprole",0.033,"",NA,0.5,0.5
3,2015,"DuPont Pioneer","Coragen","352-729",0.244,NA,"Chlorantraniliprole",0.407,"",NA,"",NA,6.22,6.22
3,2015,"DuPont Pioneer","Dual II Magnum","100-818",7.73,NA,"S-metolachlor",59.1,"",NA,"",NA,30.93,30.93
3,2015,"DuPont Pioneer","Force 3G","100-1075-5481",NA,106.18,"Tefluthrin",3.185,"",NA,"",NA,19.5,19.5
3,2015,"DuPont Pioneer","Gramoxone SL 2.0","100-1431",1.614,NA,"Paraquat dichloride",3.227,"",NA,"",NA,6.45,6.45
3,2015,"DuPont Pioneer","Lannate LV","352-384",0.04889,NA,"Methomyl",0.1173,"",NA,"",NA,0.26,0.26
3,2015,"DuPont Pioneer","Lorsban Advanced","62719-591",1.62,NA,"Chlorpyrifos",6.08,"",NA,"",NA,6.8,6.8
3,2015,"DuPont Pioneer","Mustang Maxx","279-3426",0.24,NA,"Zeta-cypermethrin",0.19,"",NA,"",NA,7.62,5.89
3,2015,"DuPont Pioneer","Permethrin","34704-873",0.2,NA,"Permethrin",0.65,"",NA,"",NA,4.35,2.3
3,2015,"Syngenta","Aatrex Nine-O","100-585",NA,52.5,"Atrazine",46.2,"",NA,"",NA,52.5,52.5
3,2015,"Syngenta","Asana XL","352-515",0.21,NA,"Esfenvalerate",0.14,"",NA,"",NA,2.99,2.99
3,2015,"Syngenta","Baythroid XL","264-840",1.71,NA,"B-cyfluthrin",1.71,"",NA,"",NA,87.79,87.79
3,2015,"Syngenta","Beseige","100-1402",0.23,NA,"Lambda-Cyhalothrin",0.1,"Chlorantraniliprole",0.19,"",NA,3,3
3,2015,"Syngenta","Callisto EUP","100-EUP-114",0.09,NA,"Mesotrione",0.36,"",NA,"",NA,1,1
3,2015,"Syngenta","Dual II Magnum","100-818",0.16,NA,"S-Metolachor",1.22,"",NA,"",NA,1,1
3,2015,"Syngenta","Force 3G","100-1075",NA,51.85,"Tefluthrin",1.56,"",NA,"",NA,10.37,10.37
3,2015,"Syngenta","Gramoxone SL","100-1431",10,NA,"Paraquat dichloride",20,"",NA,"",NA,40,40
3,2015,"Syngenta","Lorsban Advanced","62719-591",14.63,NA,"Chlorpyrifos",54.94,"",NA,"",NA,58.5,50.5
3,2015,"Syngenta","Lumax EZ","100-1442",106.23,NA,"S-Metolachor",264.5,"Atrazine",99.32,"Mesotrione",26.45,141.64,141.64
3,2015,"Syngenta","Mustang","279-3126",0.12,NA,"S-Cyano Methyl",0.18,"",NA,"",NA,5,5
3,2015,"Syngenta","Mustang","279-3126",1.11,NA,"Zeta-Cypermethrin",1.67,"",NA,"",NA,47.5,47.5
3,2015,"Syngenta","Permethrin","34704-873",0.19,NA,"Permethrin",0.61,"",NA,"",NA,4,4
3,2015,"Syngenta","Warrior II","100-1295",1.77,NA,"Lambda-Cyhalothrin",3.68,"",NA,"",NA,133.1,133.1
3,2015,"Dow AgroSciences","Asana XL","352-515",0.9,NA,"Estenvalerate",0.6,"",NA,"",NA,13.2,13.2
3,2015,"Dow AgroSciences","Atrazine 4L","34704-69",3,NA,"Atrazine",12,"",NA,"",NA,6,6
3,2015,"Dow AgroSciences","Baythroid XL","264-840",0.2,NA,"Beta-cyfluthrin",0.2,"",NA,"",NA,6.9,5.6
3,2015,"Dow AgroSciences","Cobalt Advanced","62719-615",3.3,NA,"Chlorpyrifos",8.3,"Lambda-cyhalothrin",0.4,"",NA,12.4,12.4
3,2015,"Dow AgroSciences","Coragen","352-729",0.8,NA,"Chlorantraniliprole",1.3,"",NA,"",NA,19.3,18.4
3,2015,"Dow AgroSciences","Dual II Magnum","100-818",36.2,NA,"S-metolachlor",276.6,"",NA,"",NA,144.8,144.8
3,2015,"Dow AgroSciences","Gramoxone 2.0 SL","100-1431",0.67,NA,"Paraquat dichloride",1.34,"",NA,"",NA,3.3,3.3
3,2015,"Dow AgroSciences","Lannate LV","352-384",0.1,NA,"Methomyl",0.3,"",NA,"",NA,0.6,0.6
3,2015,"Dow AgroSciences","Lorsban Advanced","62719-591",10.9,NA,"Chlorpyrifos",40.8,"",NA,"",NA,43.4,43.4
3,2015,"Dow AgroSciences","Lumax EZ","100-1442",3.6,NA,"Mesotrione",0.9,"Atrazine",3.4,"S-metolachlor",9,5.8,5.8
3,2015,"Dow AgroSciences","Permethrin","34704-873",0.4,NA,"Permethrin",1.2,"",NA,"",NA,6.2,4.9
4,2015,"Kaua'i Coffee Co. LLC","Gramoxone SL 2.0","100-1431",3.75,NA,"Paraquat dichloride",7.5,"",NA,"",NA,15.39,15.39
4,2015,"Dow AgroSciences","Asana XL","352-515",0.4,NA,"Estenvalerate",0.3,"",NA,"",NA,5.7,5.7
4,2015,"Dow AgroSciences","Atrazine 4L","34704-69",82.3,NA,"Atrazine",329.1,"",NA,"",NA,332.4,332.4
4,2015,"Dow AgroSciences","Baythroid XL","264-840",0.3,NA,"Beta-cyfluthrin",0.3,"",NA,"",NA,15.2,15.2
4,2015,"Dow AgroSciences","Coragen","352-729",0.1,NA,"Chlorantraniliprole",0.2,"",NA,"",NA,2.7,2.5
4,2015,"Dow AgroSciences","Dual II Magnum","100-818",55.1,NA,"S-metolachlor",420.9,"",NA,"",NA,223.4,223.4
4,2015,"Dow AgroSciences","Force 3G","100-1075",NA,12,"Tefluthrin",0.36,"",NA,"",NA,2.9,2.9
4,2015,"Dow AgroSciences","Lorsban Advanced","62719-591",5.1,NA,"Chlorpyrifos",19,"",NA,"",NA,20.2,20.2
4,2015,"Dow AgroSciences","Permethrin","34704-873",4.8,NA,"Permethrin",15.3,"",NA,"",NA,76.5,76.5
4,2015,"Syngenta","Aatrex Nine-O","100-585",NA,120.44,"Atrazine",105.98,"",NA,"",NA,120.44,120.44
4,2015,"Syngenta","Atrazine 4L","34704-69",5.22,NA,"Atrazine",20.88,"",NA,"",NA,20.89,20.89
4,2015,"Syngenta","Asana XL","352-515",2.44,NA,"Esfenvalerate",1.61,"",NA,"",NA,34.7,34.7
4,2015,"Syngenta","Baythroid XL","264-840",2.35,NA,"B-Cyfluthrin",2.35,"",NA,"",NA,120.12,120.12
4,2015,"Syngenta","Besiege","100-1402",6.35,NA,"Lambda-Cyhalothrin",2.65,"Chlorantraniliprole",5.3,"",NA,81.3,81.3
4,2015,"Syngenta","Callisto EUP","100-EUP-114",0.09,NA,"Mesotrione",0.36,"",NA,"",NA,2,2
4,2015,"Syngenta","Force 3G","100-1075",NA,29,"Tefluthrin",0.87,"",NA,"",NA,5.8,5.8
4,2015,"Syngenta","Lorsban Advanced","62719-591",52.48,NA,"Chlorpyrifos",197.06,"",NA,"",NA,209.9,147.6
4,2015,"Syngenta","Lumax EZ","100-1442",90.41,NA,"S-Metolachlor",225.12,"Atrazine",84.53,"Mesotrione",22.51,120.55,120.55
4,2015,"Syngenta","Mustang","279-3126",0.02,NA,"S-Cyano Methyl",0.03,"",NA,"",NA,1,1
4,2015,"Syngenta","Mustang","279-3126",2.63,NA,"Zeta-Cypermethrin",3.95,"",NA,"",NA,112.2,112.2
4,2015,"Syngenta","Permethrin","34704-873",0.14,NA,"Permethrin",0.45,"",NA,"",NA,3,3
4,2015,"Syngenta","Warrior II","100-1295",2.62,NA,"Lambda-Cyhalothrin",5.45,"",NA,"",NA,209.47,189.57
4,2015,"BASF Plant Science","Atrazine 4L","34704-69",0.6,NA,"Atrazine:(2-Chloro-4-ethylamino-6-isopropylamino-s-triazine 42.6, Related compounds 0.9%",2.5,"",NA,"",NA,2.5,2.5
4,2015,"BASF Plant Science","Baythroid XL","264-840",0.0109,NA,"Beta-cyfluthrin Cyano(4-fluoro-3-phenoxyphenyl)methyl-3-(2,2-dichloro-ethenyl)-2,2-dimethyl-cyclopropanecarboxylate 12.70%",0.0109,"",NA,"",NA,0.5,0.5
4,2015,"BASF Plant Science","Lannate LV","352-384",0.75,NA,"Methomyl (S-methyl-N-[(methylcarbamoyl)oxy]thioacetimidate) 29%",1.8,"",NA,"",NA,2,2
4,2015,"BASF Plant Science","Lorsban Advanced","62719-591",3,NA,"chlorpyrifos: O,O-diethyl-O-(3,5,6-trichloro-2-pyridinyl)phosphorothioate 40.2%",11.25,"",NA,"",NA,6,4
4,2015,"BASF Plant Science","Mustang","279-3126",0.05,NA,"S-Cyano (3-phenoxyphenyl)methyl(+-) cis/trans 3-(2,2-dichloroethenyl)-2,2 dimethylcyclopropane carboxylate 17.1%",0.09,"",NA,"",NA,1.85,1.6
4,2015,"BASF Plant Science","Besiege","100-1402",0.05,NA,"Lambda-Cyhalothrin",0.021,"Chlorantraniliprole",0.042,"",NA,0.9,0.9
4,2015,"DuPont Pioneer","Dual II Magnum","100-818",1.95,NA,"S-metolachlor",14.898,"",NA,"",NA,7.8,7.8
4,2015,"DuPont Pioneer","Force 3G","100-1075-5481",NA,48.677,"Tefluthrin",1.4603,"",NA,"",NA,8.94,8.94
4,2015,"DuPont Pioneer","Gramoxone SL 2.0","100-1431",0.9864,NA,"Paraquat dichloride",1.9728,"",NA,"",NA,3.95,3.95
4,2015,"DuPont Pioneer","Mustang Maxx","279-3426",0.2281,NA,"Zeta-cypermethrin",0.1825,"",NA,"",NA,7.3,7.3
5,2015,"BASF Plant Science","Atrazine 4L","34704-69",0.5,NA,"Atrazine:(2-Chloro-4-ethylamino-6-isopropylamino-s-triazine 42.6, Related compounds 0.9%",2,"",NA,"",NA,2,2
5,2015,"BASF Plant Science","Besiege","100-1402",0.014,NA,"Lambda-Cyhalothrin",0.006,"Chlorantraniliprole",0.012,"",NA,0.2,0.2
5,2015,"Dow AgroSciences","Asana XL","352-515",8.1,NA,"Esfenvalerate",5.4,"",NA,"",NA,115.4,115.4
5,2015,"Dow AgroSciences","Atrazine 4L","34704-69",1.8,NA,"Atrazine",7,"",NA,"",NA,7,7
5,2015,"Dow AgroSciences","Baythroid XL","264-840",4.2,NA,"Beta-cyfluthrin",4.2,"",NA,"",NA,193.2,193.2
5,2015,"Dow AgroSciences","Cobalt Advanced","62719-615",2.6,NA,"Chlorpyrifos",6.4,"Lambda-cyhalothrin",0.3,"",NA,9.4,9.4
5,2015,"Dow AgroSciences","Coragen","352-729",8.5,NA,"Chlorantraniliprole",14.3,"",NA,"",NA,217.4,217.4
5,2015,"Dow AgroSciences","Dual II Magnum","100-818",13.2,NA,"S-metolachlor",101,"",NA,"",NA,53.9,53.9
5,2015,"Dow AgroSciences","Force 3G","100-1075",NA,34,"Tefluthrin",1.02,"",NA,"",NA,8.5,8.5
5,2015,"Dow AgroSciences","Lorsban Advanced","62719-591",0.5,NA,"Chlorpyrifos",1.9,"",NA,"",NA,2.2,2.2
5,2015,"Dow AgroSciences","Permethrin","34704-873",11.3,NA,"Permethrin",36,"",NA,"",NA,180.1,180.1
5,2015,"Syngenta","Aatrex Nine-O","100-585",NA,72.1,"Atrazine",63.45,"",NA,"",NA,72.1,72.1
5,2015,"Syngenta","Asana XL","352-515",1.89,NA,"Esfenvalerate",1.25,"",NA,"",NA,26.9,26.9
5,2015,"Syngenta","Baythroid XL","264-840",0.06,NA,"B-Cyfluthrin",0.06,"",NA,"",NA,2.96,2.96
5,2015,"Syngenta","Besiege","100-1402",1.93,NA,"Lambda-Cyhalothrin",0.8,"Chlorantraniliprole",1.61,"",NA,24.68,24.68
5,2015,"Syngenta","EUP Callisto","100-EUP-114",0.19,NA,"Mesotrione",0.76,"",NA,"",NA,2,2
5,2015,"Syngenta","EUP Callisto","100-EUP-114",0.05,NA,"Mesotrione",0.2,"",NA,"",NA,1,1
5,2015,"Syngenta","Dual II Magnum","100-818",0.7,NA,"S-Metolachlor",5.35,"",NA,"",NA,4.5,4.5
5,2015,"Syngenta","Force 3G","100-1075",NA,19.8,"Tefluthrin",0.59,"",NA,"",NA,3.96,3.96
5,2015,"Syngenta","Lorsban Advanced","62719-591",7.39,NA,"Chlorpyrifos",27.75,"",NA,"",NA,29.55,29.55
5,2015,"Syngenta","Lumax EZ","100-1442",35.72,NA,"S-Metolachlor",88.94,"Atrazine",33.4,"Mesotrione",8.89,47.63,47.63
5,2015,"Syngenta","Permethrin","34707-873",1.09,NA,"Permethrin",3.49,"",NA,"",NA,23.35,23.35
5,2015,"Syngenta","Warrior II","100-1295",0.82,NA,"Lambda-Cyhalothrin",1.71,"",NA,"",NA,65.35,65.35
5,2015,"Kaua'i Coffee Co. LLC","Gramoxone SL 2.0","100-1431",38.75,NA,"Paraquat dichloride",77.5,"",NA,"",NA,129.72,129.72
5,2015,"DuPont Pioneer","Dual II Magnum","100-818",1.08,NA,"S-metolachlor",8.213,"",NA,"",NA,4.3,4.3
5,2015,"DuPont Pioneer","Force 3G","100-1075-5481",NA,15.45,"Tefluthrin",0.4635,"",NA,"",NA,2.84,2.84
5,2015,"DuPont Pioneer","Mustang Maxx","279-3426",0.08,NA,"Zeta-cypermethrin",0.067,"",NA,"",NA,2.68,2.68
6,2015,"Syngenta","Aatrex Nine-O","100-585",NA,26.7,"Atrazine",23.5,"",NA,"",NA,26.7,26.7
6,2015,"Syngenta","Asana XL","352-515",0.65,NA,"Esfenvalerate",0.43,"",NA,"",NA,9.3,9.3
6,2015,"Syngenta","Atrazine 4L","34704-69",4.95,NA,"Atrazine",19.8,"",NA,"",NA,19.8,19.8
6,2015,"Syngenta","Baythroid XL","264-840",0.21,NA,"B-Cyfluthrin",0.21,"",NA,"",NA,10.96,10.96
6,2015,"Syngenta","Besiege","100-1402",2.91,NA,"Lambda-Cyhalothrin",1.21,"Chlorantraniliprole",2.43,"",NA,37.2,37.2
6,2015,"Syngenta","Callisto EUP","100-EUP-114",0.19,NA,"Mesotrione",0.76,"",NA,"",NA,2,2
6,2015,"Syngenta","Callisto EUP","100-EUP-114",0.05,NA,"Mesotrione",0.2,"",NA,"",NA,1,1
6,2015,"Syngenta","Dual II Magnum","100-818",0.49,NA,"S-Metolachlor",3.74,"",NA,"",NA,3.11,3.11
6,2015,"Syngenta","Lorsban Advanced","62719-591",2.75,NA,"Chlorpyrifos",10.33,"",NA,"",NA,10.98,10.98
6,2015,"Syngenta","Lumax EZ","100-1442",15.08,NA,"S-Metolachlor",37.55,"Atrazine",14.1,"Mesotrione",3.75,20.1,20.1
6,2015,"Syngenta","Mustang","279-3126",0.03,NA,"S-Cyano Methyl",0.045,"",NA,"",NA,1.01,1.01
6,2015,"Syngenta","Permethrin","34704-873",0.38,NA,"Permethrin",1.22,"",NA,"",NA,8.11,8.11
6,2015,"Syngenta","Warrior II","100-1295",0.33,NA,"Lambda-Cyhalothrin",0.69,"",NA,"",NA,26.09,26.09
6,2015,"Kaua'i Coffee Co. LLC","Gramoxone SL 2.0","100-1431",17.5,NA,"Paraquat dichloride",35,"",NA,"",NA,46.54,46.54
6,2015,"Dow AgroSciences","Asana XL","352-515",9,NA,"Esfenvalerate",5.9,"",NA,"",NA,127.9,127.9
6,2015,"Dow AgroSciences","Baythroid XL","264-840",0.8,NA,"Beta-cyfluthrin",0.8,"",NA,"",NA,38.7,35.2
6,2015,"Dow AgroSciences","Cobalt Advanced","62719-615",9.1,NA,"Chlorpyrifos",22.7,"Lambda-cyhalothrin",1.2,"",NA,33.2,33.2
6,2015,"Dow AgroSciences","Coragen","352-729",2.5,NA,"Chlorantraniliprole",4.2,"",NA,"",NA,64.2,62
6,2015,"Dow AgroSciences","Dual II Magnum","100-818",0.4,NA,"S-metolachlor",2.9,"",NA,"",NA,1.5,1.5
6,2015,"Dow AgroSciences","Force 3G","100-1075",NA,13.2,"Tefluthrin",0.4,"",NA,"",NA,3.2,3.2
6,2015,"Dow AgroSciences","Lorsban Advanced","62719-591",0.8,NA,"Chlorpyrifos",3.1,"",NA,"",NA,3.3,3.3
6,2015,"Dow AgroSciences","Mustang","279-3126",0.04,NA,"Zeta-Cypermethrin",0.1,"",NA,"",NA,1.3,1.3
6,2015,"Dow AgroSciences","Permethrin","34704-873",1.9,NA,"Permethrin",5.9,"",NA,"",NA,29.7,27.9
6,2015,"DuPont Pioneer","Coragen","352-729",0.1364,NA,"Chlorantraniliprole",0.228,"",NA,"",NA,3.49,3.49
6,2015,"DuPont Pioneer","Dual II Magnum","100-818",1.56,NA,"S-metolachlor",11.92,"",NA,"",NA,6.46,6.46
6,2015,"DuPont Pioneer","Force 3G","100-1075-5481",NA,39.46,"Tefluthrin",1.1838,"",NA,"",NA,7.25,7.25
6,2015,"DuPont Pioneer","Gramoxone SL 2.0","100-1431",2.2425,NA,"Paraquat dichloride",4.485,"",NA,"",NA,8.97,8.97
6,2015,"DuPont Pioneer","Permethrin","34704-873",0.0426,NA,"Permethrin",0.136,"",NA,"",NA,0.8,0.8
6,2015,"BASF Plant Science","Warrior II w/Zeon","100-1295",0.02,NA,"Lambda-cyhalothrin 1,2 22.8%",0.04,"",NA,"",NA,1.5,1.5
7,2015,"Dow AgroSciences","Asana XL","352-515",2.8,NA,"Esfenvalerate",1.9,"",NA,"",NA,40.2,38.1
7,2015,"Dow AgroSciences","Baythroid XL","264-840",0.7,NA,"Beta-cyfluthrin",0.7,"",NA,"",NA,29.9,29.9
7,2015,"Dow AgroSciences","Coragen","352-729",1.3,NA,"Chlorantraniliprole",2.1,"",NA,"",NA,32.1,32.1
7,2015,"Dow AgroSciences","Gramoxone 2.0 SL","100-1431",0.188,NA,"Paraquat dichloride",0.38,"",NA,"",NA,1,1
7,2015,"Dow AgroSciences","Lorsban Advanced","62719-591",103.9,NA,"Chlorpyrifos",390.8,"",NA,"",NA,415.7,415.7
7,2015,"Dow AgroSciences","Permethrin","34704-873",0.1,NA,"Permethrin",0.2,"",NA,"",NA,1,1
7,2015,"Kaua'i Coffee Co. LLC","Gramoxone SL 2.0","100-1431",40.75,NA,"Paraquat dichloride",81.5,"",NA,"",NA,133.1,133.1
7,2015,"Syngenta","Aatrex Nine-O","100-585",NA,18,"Atrazine",15.84,"",NA,"",NA,18,18
7,2015,"Syngenta","Asana XL","352-515",1.44,NA,"Esfenvalerate",0.95,"",NA,"",NA,20.51,20.51
7,2015,"Syngenta","Atrazine 4L","34704-69",1,NA,"Atrazine",4,"",NA,"",NA,4.01,4.01
7,2015,"Syngenta","Baythroid XL","264-840",0.35,NA,"B-Cyfluthrin",0.35,"",NA,"",NA,17.81,17.81
7,2015,"Syngenta","Besiege","100-1402",1.09,NA,"Lambda-Cyhalothrin",0.45,"Chlorantraniliprole",0.91,"",NA,14.01,14.01
7,2015,"Syngenta","Callisto EUP","100-EUP-114",0.07,NA,"Mesotrione",0.28,"",NA,"",NA,1.5,1.5
7,2015,"Syngenta","Lorsban Advanced","62719-591",1.79,NA,"Chlorpyrifos",6.72,"",NA,"",NA,7.16,7.16
7,2015,"Syngenta","Lumax EZ","100-1442",17.6,NA,"S-Metolachlor",43.82,"Atrazine",16.46,"Mesotrione",4.38,23.47,23.47
7,2015,"Syngenta","Mustang","279-3126",1,NA,"S-Cyano Methyl",1.5,"",NA,"",NA,32,32
7,2015,"Syngenta","Permethrin","34704-873",0.34,NA,"Permethrin",1.09,"",NA,"",NA,7.16,7.16
7,2015,"Syngenta","Warrior II","100-1295",0.53,NA,"Lambda-Cyhalothrin",1.1,"",NA,"",NA,42,42
7,2015,"BASF Plant Science","Baythroid XL","264-840",0.088,NA,"Beta-cyfluthrin Cyano(4-fluoro-3-phenoxyphenyl)methyl-3-(2,2-dichloro-ethenyl)-2,2-dimethyl-cyclopropanecarboxylate 12.70%",0.088,"",NA,"",NA,4,2
7,2015,"BASF Plant Science","Permethrin","34704-873",0.125,NA,"Permethrin 35.4%, (3-Phenoxyphenyl)methyl (+-) cis-trans 3 -(2,2-dichloroethenyl)-1-1dimethlycyclopropanecarboxylate",0.4,"",NA,"",NA,2,2
8,2015,"BASF Plant Science","Sniper","34704-858",0.002,NA,"Bifenthrin: (2 methyl[1, 1'-biphenyl]-3-yl) methyl 3-(2-chloro-3,3,3-trifluoro-1-propenyl)-2,2-dimethyl-cyclopropanecarboxylate 25.0%",0.004,"",NA,"",NA,0.1,0.05
8,2015,"BASF Plant Science","Mustang","279-3126",0.002,NA,"S-Cyano (3-phenoxyphenyl)methyl(+-) cis/trans 3-(2,2-dichloroethenyl)-2,2 dimethylcyclopropane carboxylate 17.1%",0.002,"",NA,"",NA,0.05,0.05
8,2015,"Syngenta","Asana XL","352-515",0.14,NA,"esfenvalerate",0.09,"",NA,"",NA,2,2
8,2015,"Syngenta","ATRAZINE 4L HERBICIDE *","34704-69",5.86,NA,"atrazine",23.44,"",NA,"",NA,23.45,23.45
8,2015,"Syngenta","BAYTHROID XL *","264-840",0.54,NA,"-cyfluthrin",0.54,"",NA,"",NA,27.76,27.76
8,2015,"Syngenta","BESIEGE INSECTICIDE *","100-1402",1.42,NA,"Lambda-cyhalothrin",0.59,"chlorantraniliprole",1.19,"",NA,18.12,18.12
8,2015,"Syngenta","GRAMOXONE SL 2.0 *","100-1431",13.5,NA,"Paraquat dichloride",27,"",NA,"",NA,54,54
8,2015,"Syngenta","LORSBAN ADVANCED*","62719-591",6.5,NA,"chlorpyrifos",24.41,"",NA,"",NA,26,26
8,2015,"Syngenta","LUMAX EZ HERBICIDE *","100-1442",5.72,NA,"S-metolachlor",14.24,"atrazine",5.35,"mesotrione",1.42,7.63,7.63
8,2015,"Syngenta","MUSTANG INSECTICIDE *","279-3126",0.07,NA,"S-Cyano Methyl",0.11,"",NA,"",NA,2.1,2.1
8,2015,"Syngenta","MUSTANG INSECTICIDE *","279-3126",0.28,NA,"S-Cyano Methyl",0.42,"",NA,"",NA,12,12
8,2015,"Syngenta","PERMETHRIN *","34704-873",0.19,NA,"permethrin",0.61,"",NA,"",NA,4,4
8,2015,"Syngenta","WARRIOR II WITH ZEON TECHNOLOGY *","100-1295",0.14,NA,"Lambda-cyhalothrin",0.29,"",NA,"",NA,11.13,11.13
8,2015,"Kaua'i Coffee Co. LLC","Gramoxone SL 2.0","100-1431",32.5,NA,"Paraquat dichloride",65,"",NA,"",NA,102.08,102.08
8,2015,"DuPont Pioneer","DUPONT CORAGEN INSECT CONTROL*","352-729",0.0937,NA,"chlorantraniliprole",0.1565,"",NA,"",NA,2.4,2.4
8,2015,"DuPont Pioneer","DUAL II MAGNUM *","100-818",0.653,NA,"s-metolachlor",5,"",NA,"",NA,2.85,2.85
8,2015,"DuPont Pioneer","FORCE 3G SMARTBOX INSECTICIDE *","100-1075-5481",NA,20.347,"tefluthrin",0.61,"",NA,"",NA,3.74,3.74
8,2015,"DuPont Pioneer","GRAMOXONE SL 2.0 *","100-1431",0.4,NA,"paraquat dichloride",0.8,"",NA,"",NA,1.6,1.6
8,2015,"DuPont Pioneer","MUSTANG MAXX INSECTICIDE *","279-3426",0.35,NA,"zeta-cypermethrin",0.28,"",NA,"",NA,11.21,9.82
8,2015,"DuPont Pioneer","PERMETHRIN *","34704-873",0.1817,NA,"permethrin",0.5814,"",NA,"",NA,3.81,3.81
8,2015,"Dow AgroSciences","DU PONT ASANA XL INSECTICIDE *","352-515",0.3,NA,"esfenvalerate",0.2,"",NA,"",NA,4.2,4.2
8,2015,"Dow AgroSciences","COBALT ADVANCED *","62719-615",0.4,NA,"chlorpyrifos",1,"lambda-cyhalothrin",0.1,"",NA,1.5,1.5
8,2015,"Dow AgroSciences","DUPONT CORAGEN INSECT CONTROL*","352-729",0.1,NA,"chlorantraniliprole",0.3,"",NA,"",NA,3.8,3.8
8,2015,"Dow AgroSciences","GRAMOXONE SL 2.0 *","100-1431",0.25,NA,"paraquat dichloride",0.5,"",NA,"",NA,1,1
8,2015,"Dow AgroSciences","LORSBAN ADVANCED*","62719-591",5.9,NA,"chlorpyrifos",22.2,"",NA,"",NA,25.8,25.8
9,2015,"Syngenta","AATREX NINE-O *","100-585",NA,0.5,"atrazine",0.22,"",NA,"",NA,0.5,0.5
9,2015,"Syngenta","DU PONT ASANA XL INSECTICIDE *","352-515",1.1,NA,"esfenvalerate",0.73,"",NA,"",NA,15.59,15.59
9,2015,"Syngenta","BAYTHROID XL *","264-840",0.02,NA,"-cyfluthrin",0.02,"",NA,"",NA,1,1
9,2015,"Syngenta","BESIEGE INSECTICIDE *","100-1402",1.44,NA,"lambda-cyhalothrin",0.6,"chlorantraniliprole",1.2,"",NA,18.42,18.42
9,2015,"Syngenta","CALLISTO HERBICIDE (For Experimental Use Only) *","100-EUP-114",0.33,NA,"mesotrione",1.32,"",NA,"",NA,3.5,3.5
9,2015,"Syngenta","CALLISTO HERBICIDE (For Experimental Use Only) *","100-EUP-114",0.05,NA,"mesotrione",0.2,"",NA,"",NA,1.05,1.05
9,2015,"Syngenta","DUAL II MAGNUM *","100-818",2.35,NA,"s-metolachlor",17.95,"",NA,"",NA,15.05,15.05
9,2015,"Syngenta","LORSBAN ADVANCED*","62719-591",4.29,NA,"chlorpyrifos",16.11,"",NA,"",NA,17.16,17.16
9,2015,"Syngenta","MUSTANG INSECTICIDE *","279-3126",0.05,NA,"zeta-cypermethrin",0.08,"",NA,"",NA,2,2
9,2015,"Syngenta","MUSTANG INSECTICIDE *","279-3126",0.2,NA,"zeta-cypermethrin",0.3,"",NA,"",NA,6.24,6.24
9,2015,"Syngenta","PERMETHRIN *","34704-873",1.58,NA,"permethrin",5.06,"",NA,"",NA,33.61,33.61
9,2015,"Syngenta","WARRIOR II WITH ZEON TECHNOLOGY *","100-1295",0.03,NA,"lambda-cyhalothrin",0.06,"",NA,"",NA,3.2,3.2
9,2015,"Syngenta","WARRIOR II WITH ZEON TECHNOLOGY *","100-1295",0.06,NA,"lambda-cyhalothrin",0.12,"",NA,"",NA,4.96,4.96
9,2015,"BASF Plant Science","Mustang","279-3126",0.116,NA,"zeta-cypermethrin",0.248,"",NA,"",NA,5.3,0.8
9,2015,"BASF Plant Science","SNIPER *","34704-858",0.002,NA,"bifenthrin",0.004,"",NA,"",NA,0.1,0.1
9,2015,"Kaua'i Coffee Co. LLC","Gramoxone SL 2.0","100-1431",76.875,NA,"Paraquat dichloride",153.75,"",NA,"",NA,239.78,239.78
9,2015,"DuPont Pioneer","DUAL II MAGNUM *","100-818",0.3635,NA,"s-metolachlor",2.777,"",NA,"",NA,1.45,1.45
9,2015,"DuPont Pioneer","FORCE 3G SMARTBOX INSECTICIDE *","100-1075-5481",NA,6.825,"tefluthrin",0.205,"",NA,"",NA,1.25,1.25
9,2015,"DuPont Pioneer","MUSTANG MAXX INSECTICIDE *","279-3426",0.474,NA,"zeta-cypermethrin",0.379,"",NA,"",NA,15.17,13.59
9,2015,"DuPont Pioneer","PERMETHRIN *","34704-873",0.6257,NA,"permethrin",2.002,"",NA,"",NA,13.35,7.78
9,2015,"Dow AgroSciences","Dual II Magnum","100-818",1.9,NA,"s-metolachlor",14.7,"",NA,"",NA,7.7,7.7
9,2015,"Dow AgroSciences","Gramoxone 2.0 SL","100-1431",13.869,NA,"paraquat dichloride",27.74,"",NA,"",NA,57.6,57.6
9,2015,"Dow AgroSciences","Lorsban Advanced","62719-591",1.5,NA,"chlorpyrifos",5.5,"",NA,"",NA,5.9,5.9
10,2015,"Syngenta","AATREX NINE-O *","100-585",NA,66.55,"atrazine",58.56,"",NA,"",NA,133.1,133.1
10,2015,"Syngenta","ATRAZINE 4L HERBICIDE *","34704-69",1.43,NA,"atrazine",5.72,"",NA,"",NA,5.7,5.7
10,2015,"Syngenta","BAYTHROID XL *","264-840",1.1,NA,"-cyfluthrin",1.1,"",NA,"",NA,56.1,56.1
10,2015,"Syngenta","BESIEGE INSECTICIDE *","100-1402",0.05,NA,"lambda-cyhalothrin",0.02,"chlorantraniliprole",0.04,"",NA,0.6,0.6
10,2015,"Syngenta","FORCE 3G INSECTICIDE *","100-1075",NA,58.75,"tefluthrin",1.76,"",NA,"",NA,11.75,11.75
10,2015,"Syngenta","LORSBAN ADVANCED*","62719-591",15.7,NA,"chlorpyrifos",58.95,"",NA,"",NA,62.8,62.8
10,2015,"Syngenta","LUMAX EZ HERBICIDE *","100-1442",203.55,NA,"s-metolachlor",506.84,"atrazine",190.32,"mesotrine",50.68,271.4,271.4
10,2015,"Syngenta","MUSTANG INSECTICIDE *","279-3126",0.94,NA,"S-Cyano Methyl",1.41,"",NA,"",NA,30,30
10,2015,"Syngenta","WARRIOR II WITH ZEON TECHNOLOGY *","100-1295",3.53,NA,"lambda-cyhalothrin",7.34,"",NA,"",NA,282.71,282.71
10,2015,"DuPont Pioneer","DUAL II MAGNUM *","100-818",6.208,NA,"s-metolachlor",47.43,"",NA,"",NA,24.83,24.83
10,2015,"DuPont Pioneer","FORCE 3G SMARTBOX INSECTICIDE *","100-1075-5481",NA,128.7,"tefluthrin",3.861,"",NA,"",NA,23.64,23.64
10,2015,"DuPont Pioneer","PERMETHRIN *","34704-873",0.317,NA,"permethrin",1.015,"",NA,"",NA,5.08,5.08
10,2015,"Kaua'i Coffee Co. LLC","Gramoxone SL 2.0","100-1431",68.75,NA,"Paraquat dichloride",137.5,"",NA,"",NA,199.81,199.81
10,2015,"BASF Plant Science","Atrazine 4L","34704-69",1.13,NA,"atrazine",4.5,"0",NA,"0",NA,4.5,4.5
10,2015,"BASF Plant Science","Lorsban Advanced","62719-591",0.91,NA,"chlorpyrifos",3.4,"0",NA,"0",NA,7.25,7.25
10,2015,"BASF Plant Science","Lumax","100-1152",1.88,NA,"s-metolachlor",1.48,"atrazine",0.21,"mesotrione",0.01,3,3
10,2015,"BASF Plant Science","Mustang","279-3126",0.0063,NA,"zeta-cypermethrin",0.0094,"0",NA,"0",NA,0.2,0.1
10,2015,"BASF Plant Science","Sniper","34704-858",0.001,NA,"bifenthrin",0.002,"0",NA,"0",NA,0.05,0.05
10,2015,"BASF Plant Science","Warrior II w/zeon Technology","100-1295",0.03,NA,"lambda-cyhalothrin",0.0624,"0",NA,"0",NA,2,2
10,2015,"Dow AgroSciences","Dual II Magnum","100-818",47.3,NA,"S-metolachlor",361,"",NA,"",NA,189,189
10,2015,"Dow AgroSciences","Force 3G","100-1075",NA,211,"Tefluthrin",6.33,"",NA,"",NA,52.8,52.8
10,2015,"Dow AgroSciences","Gramoxone 2.0 SL","100-1431",14.336,NA,"Paraquat dichloride",28.67,"",NA,"",NA,64.3,64.3
11,2015,"BASF Plant Science","Atrazine 4L","34704-69",4.19,NA,"atrazine",16.76,"0",NA,"0",NA,16.75,16.75
11,2015,"BASF Plant Science","Baythroid XL","264-840",0.33,NA,"-cyfluthrin",0.33,"0",NA,"0",NA,15.25,8.5
11,2015,"BASF Plant Science","Lannate LV Dupont","352-384",1.88,NA,"methomyl",2.808,"0",NA,"0",NA,6.25,6.25
11,2015,"BASF Plant Science","Lorsban Advanced","62719-591",1.13,NA,"chlorpyrifos",4.885,"0",NA,"0",NA,4.5,4.5
11,2015,"BASF Plant Science","Mustang","279-3126",0.63,NA,"zeta-cypermethrin",0.945,"0",NA,"0",NA,20.25,13
11,2015,"BASF Plant Science","Sniper","34704-858",0.006,NA,"bifenthrin",0.012,"0",NA,"0",NA,0.03,0.03
11,2015,"BASF Plant Science","Warrior II w/zeon Technology","100-1295",0.225,NA,"lambda-cyhalothrin",0.468,"0",NA,"0",NA,15.01,13.68
11,2015,"Dow AgroSciences","ATRAZINE 4L HERBICIDE *","34704-69",15.8,NA,"atrazine",63.1,"0",NA,"0",NA,62.4,59.3
11,2015,"Dow AgroSciences","BAYTHROID XL *","264-840",1.7,NA,"-cyfluthrin",1.7,"0",NA,"0",NA,77.5,74.2
11,2015,"Dow AgroSciences","DUPONT CORAGEN INSECT CONTROL*","352-729",0.2,NA,"chlorantraniliprole",0.4,"0",NA,"0",NA,5.7,5.7
11,2015,"Dow AgroSciences","DUAL II MAGNUM *","100-818",2.1,NA,"s-metolachlor",16.4,"0",NA,"0",NA,8.6,8.6
11,2015,"Dow AgroSciences","FORCE 3G INSECTICIDE *","100-1075",NA,44.1,"tefluthrin",1.32,"0",NA,"0",NA,10.2,10.2
11,2015,"Dow AgroSciences","GRAMOXONE SL 2.0 *","100-1431",2,NA,"paraquat dichloride",4,"0",NA,"0",NA,8,8
11,2015,"Dow AgroSciences","LORSBAN ADVANCED*","62719-591",24.6,NA,"chlorpyrifos",92.4,"0",NA,"0",NA,98.3,97.2
11,2015,"Dow AgroSciences","LUMAX EZ HERBICIDE *","100-1442",0.6,NA,"s-metolachlor",1.6,"atrazine",0.6,"mesotrine",0.2,1.7,1.7
11,2015,"Dow AgroSciences","PERMETHRIN *","34704-873",0.2,NA,"permethrin",0.6,"0",NA,"0",NA,2.8,2.8
11,2015,"DuPont Pioneer","DUPONT CORAGEN INSECT CONTROL*","352-729",0.3275,NA,"chlorantraniliprole",0.547,"0",NA,"0",NA,8.38,8.38
11,2015,"DuPont Pioneer","DUAL II MAGNUM *","100-818",8.89,NA,"s-metolachlor",67.9,"0",NA,"0",NA,35.77,35.77
11,2015,"DuPont Pioneer","FORCE 3G SMARTBOX INSECTICIDE *","100-1075-5481",NA,325.858,"tefluthrin",9.776,"0",NA,"0",NA,59.85,59.85
11,2015,"Kaua'i Coffee Co. LLC","GRAMOXONE SL 2.0 *","100-1431",8.75,NA,"paraquat dichloride",NA,"0",NA,"0",NA,25.55,25.55
11,2015,"Syngenta","AATREX NINE-O *","100-585",NA,32.05,"atrazine",28.2,"0",NA,"0",NA,64.1,64.1
11,2015,"Syngenta","AATREX NINE-O *","100-585",NA,74.7,"atrazine",65.74,"0",NA,"0",NA,74.7,74.7
11,2015,"Syngenta","DU PONT ASANA XL INSECTICIDE *","352-515",0.67,NA,"esfenvalerate",0.44,"0",NA,"0",NA,9.5,9.5
11,2015,"Syngenta","ATRAZINE 4L HERBICIDE *","34704-69",4.9,NA,"atrazine",19.6,"0",NA,"0",NA,19.6,19.6
11,2015,"Syngenta","BAYTHROID XL *","264-840",1.02,NA,"-cyfluthrin",1.02,"0",NA,"0",NA,52.15,52.15
11,2015,"Syngenta","BESIEGE INSECTICIDE *","100-1402",5.63,NA,"lambda-cyhalothrin",2.35,"chlorantraniliprole",4.7,"0",NA,72.1,72.1
11,2015,"Syngenta","CALLISTO HERBICIDE (For Experimental Use Only) *","100-EUP-114",0.94,NA,"mesotrione",3.76,"0",NA,"0",NA,5,5
11,2015,"Syngenta","DUAL II MAGNUM *","100-818",0.78,NA,"s-metolachlor",5.96,"0",NA,"0",NA,5,5
11,2015,"Syngenta","DUAL II MAGNUM *","100-818",0.71,NA,"s-metolachlor",5.42,"0",NA,"0",NA,11.32,11.32
11,2015,"Syngenta","FORCE 3G INSECTICIDE *","100-1075",NA,163.65,"tefluthrin",4.91,"0",NA,"0",NA,32.73,32.73
11,2015,"Syngenta","GRAMOXONE SL 2.0 *","100-1431",7.5,NA,"paraquat dichloride",15,"0",NA,"0",NA,30,30
11,2015,"Syngenta","LORSBAN ADVANCED*","62719-591",22.13,NA,"chlorpyrifos",83.1,"0",NA,"0",NA,88.5,88.5
11,2015,"Syngenta","LUMAX EZ HERBICIDE *","100-1442",72.49,NA,"s-metolachlor",180.5,"atrazine",67.78,"mesotrine",18.05,96.65,96.65
11,2015,"Syngenta","MUSTANG INSECTICIDE *","279-3126",3.14,NA,"zeta-cypermethrin",4.71,"0",NA,"0",NA,100.6,100.6
11,2015,"Syngenta","PERMETHRIN *","34704-873",0.75,NA,"permethrin",2.4,"0",NA,"0",NA,15.9,15.9
11,2015,"Syngenta","WARRIOR II WITH ZEON TECHNOLOGY *","100-1295",1.24,NA,"lambda-cyhalothrin",2.58,"0",NA,"0",NA,99.15,99.15
12,2015,"BASF Plant Science","Baythroid XL","264-840",0.159,NA,"-cyfluthrin",0.159,"0",NA,"0",NA,7.25,7.25
12,2015,"BASF Plant Science","Lorsban Advanced","62719-591",0.5,NA,"chlorpyrifos",1.878,"0",NA,"0",NA,2,2
12,2015,"BASF Plant Science","MUSTANG INSECTICIDE *","279-3126",0.469,NA,"zeta-cypermethrin",0.704,"0",NA,"0",NA,15.01,15.01
12,2015,"BASF Plant Science","WARRIOR II WITH ZEON TECHNOLOGY *","100-1295",0.052,NA,"lambda-cyhalothrin",0.108,"0",NA,"0",NA,3.47,3.46
12,2015,"Syngenta","AATREX NINE-O *","100-585",NA,10.85,"atrazine",9.55,"0",NA,"0",NA,21.7,21.7
12,2015,"Syngenta","AATREX NINE-O *","100-585",NA,20.5,"atrazine",18.04,"0",NA,"0",NA,20.5,20.5
12,2015,"Syngenta","ATRAZINE 4L HERBICIDE *","34704-69",16.76,NA,"atrazine",67.04,"0",NA,"0",NA,67.05,67.05
12,2015,"Syngenta","BAYTHROID XL *","264-840",0.03,NA,"-cyfluthrin",0.03,"0",NA,"0",NA,1.3,1.3
12,2015,"Syngenta","BESIEGE INSECTICIDE *","100-1402",5.03,NA,"lambda-cyhalothrin",2.1,"chlorantraniliprole",4.2,"0",NA,64.33,64.33
12,2015,"Syngenta","CALLISTO HERBICIDE (For Experimental Use Only) *","100-EUP-114",0.56,NA,"mesotrione",2.24,"0",NA,"0",NA,3,3
12,2015,"Syngenta","DUAL II MAGNUM *","100-818",1.69,NA,"s-metolachlor",12.91,"0",NA,"0",NA,27.03,27.03
12,2015,"Syngenta","DUAL II MAGNUM *","100-818",1.88,NA,"s-metolachlor",14.36,"0",NA,"0",NA,12.03,12.03
12,2015,"Syngenta","FORCE 3G INSECTICIDE *","100-1075",NA,217.15,"tefluthrin",6.51,"0",NA,"0",NA,43.43,43.43
12,2015,"Syngenta","LORSBAN ADVANCED*","62719-591",20.39,NA,"chlorpyrifos",76.56,"0",NA,"0",NA,81.56,79.4
12,2015,"Syngenta","LUMAX EZ HERBICIDE *","100-1442",48.15,NA,"s-metolachlor",119.9,"atrazine",45.02,"mesotrine",12,64.2,64.2
12,2015,"Syngenta","MUSTANG INSECTICIDE *","279-3126",0.35,NA,"zeta-cypermethrin",0.53,"0",NA,"0",NA,11.2,11.2
12,2015,"Syngenta","PERMETHRIN *","34704-873",1.87,NA,"permethrin",6,"0",NA,"0",NA,39.98,39.98
12,2015,"Syngenta","WARRIOR II WITH ZEON TECHNOLOGY *","100-1295",0.97,NA,"lambda-cyhalothrin",2,"0",NA,"0",NA,77.7,77.7
12,2015,"DuPont Pioneer","DUPONT CORAGEN INSECT CONTROL*","352-729",0.307,NA,"chlorantraniliprole",0.513,"0",NA,"0",NA,7.86,7.86
12,2015,"DuPont Pioneer","DUAL II MAGNUM *","100-818",0.1578,NA,"s-metolachlor",1.2057,"0",NA,"0",NA,0.63,0.63
12,2015,"DuPont Pioneer","FORCE 3G SMARTBOX INSECTICIDE *","100-1075-5481",NA,19.487,"tefluthrin",0.585,"0",NA,"0",NA,3.58,3.58
12,2015,"Dow AgroSciences","DU PONT ASANA XL INSECTICIDE *","352-515",5.8,NA,"esfenvalerate",3.9,"0",NA,"0",NA,85.5,81.5
12,2015,"Dow AgroSciences","ATRAZINE 4L HERBICIDE *","34704-69",16.2,NA,"atrazine",64.7,"0",NA,"0",NA,64.7,58.7
12,2015,"Dow AgroSciences","BAYTHROID XL *","264-840",0.9,NA,"-cyfluthrin",0.9,"0",NA,"0",NA,41.2,41.2
12,2015,"Dow AgroSciences","COBALT ADVANCED *","62719-615",7.5,NA,"chlorpyrifos",18.7,"lambda-cyhalothrin",1,"0",NA,36.8,36.8
12,2015,"Dow AgroSciences","DUPONT CORAGEN INSECT CONTROL*","352-729",5,NA,"chlorantraniliprole",8.3,"0",NA,"0",NA,126.8,116
12,2015,"Dow AgroSciences","LORSBAN ADVANCED*","62719-591",8.4,NA,"chlorpyrifos",31.4,"0",NA,"0",NA,33.4,33.4
12,2015,"Dow AgroSciences","PERMETHRIN *","34704-873",1.7,NA,"permethrin",5.4,"0",NA,"0",NA,27,27
12,2015,"Dow AgroSciences","WARRIOR II WITH ZEON TECHNOLOGY *","100-1295",0.3,NA,"lambda-cyhalothrin",0.6,"0",NA,"0",NA,23.9,23.9
12,2015,"Kaua'i Coffee Co. LLC","GRAMOXONE SL 2.0 *","100-1431",16,NA,"paraquat dichloride",32,"",NA,"",NA,52.72,52.72
1,2016,"BASF Plant Science","BAYTHROID XL *","264-840",0.328,0.328,"-cyfluthrin",NA,"0",NA,"0",NA,15,10
1,2016,"BASF Plant Science","BESIEGE INSECTICIDE *","100-1402",0.014,NA,"lambda-cyhalothrin",0.006,"chlorantraniliprole",0.012,"0",NA,0.2,0.2
1,2016,"BASF Plant Science","MUSTANG INSECTICIDE *","279-3126",0.438,0.657,"zeta-cypermethrin",NA,"0",NA,"0",NA,14.08,10.83
1,2016,"BASF Plant Science","SNIPER *","34704-858",0.028,0.056,"bifenthrin",NA,"0",NA,"0",NA,0.8,0.8
1,2016,"BASF Plant Science","PERMETHRIN *","34704-873",0.234,0.749,"permethrin",NA,"0",NA,"0",NA,5,5
1,2016,"BASF Plant Science","WARRIOR II WITH ZEON TECHNOLOGY *","100-1295",0.017,0.354,"lambda-cyhalothrin",NA,"0",NA,"0",NA,1.1,1.1
1,2016,"Syngenta","AATREX NINE-O *","100-585",NA,0.6,"atrazine",0.53,"0",NA,"0",NA,0.6,0.6
1,2016,"Syngenta","BAYTHROID XL *","264-840",0.42,NA,"-cyfluthrin",0.42,"0",NA,"0",NA,21.3,21.3
1,2016,"Syngenta","BESIEGE INSECTICIDE *","100-1402",4.72,NA,"lambda-cyhalothrin",1.97,"chlorantraniliprole",3.94,"0",NA,60.37,60.37
1,2016,"Syngenta","DUAL II MAGNUM *","100-818",0.47,NA,"s-metolachlor",3.6,"0",NA,"0",NA,3,3
1,2016,"Syngenta","DUAL II MAGNUM *","100-818",3.72,NA,"s-metolachlor",28.4,"0",NA,"0",NA,59.51,59.51
1,2016,"Syngenta","FORCE 3G INSECTICIDE *","100-1075",NA,7.8,"tefluthrin",0.23,"0",NA,"0",NA,1.56,1.56
1,2016,"Syngenta","LORSBAN ADVANCED*","62719-591",13.46,NA,"chlorpyrifos",50.54,"0",NA,"0",NA,53.83,53.83
1,2016,"Syngenta","LUMAX EZ HERBICIDE *","100-1442",3.23,NA,"s-metolachlor",8.04,"atrazine",3.02,"mesotrine",0.8,4.3,4.3
1,2016,"Syngenta","MUSTANG INSECTICIDE *","279-3126",1.27,NA,"zeta-cypermethrin",1.9,"0",NA,"0",NA,40.59,40.59
1,2016,"Syngenta","PERMETHRIN *","34704-873",2.62,NA,"permethrin",8.4,"0",NA,"0",NA,55.83,55.83
1,2016,"Syngenta","WARRIOR II WITH ZEON TECHNOLOGY *","100-1295",0.72,NA,"lambda-cyhalothrin",1.5,"0",NA,"0",NA,57.83,57.83
1,2016,"DuPont Pioneer","DUPONT CORAGEN INSECT CONTROL*","352-729",0.52,NA,"chlorantraniliprole",0.87,"0",NA,"0",NA,16.66,16.66
1,2016,"DuPont Pioneer","DUAL II MAGNUM *","100-818",0.63,NA,"s-metolachlor",4.8,"0",NA,"0",NA,2.51,2.51
1,2016,"DuPont Pioneer","GRAMOXONE SL 2.0 *","100-1431",1.14,NA,"paraquat dichloride",2.28,"0",NA,"0",NA,4.57,4.57
1,2016,"Dow AgroSciences","DU PONT ASANA XL INSECTICIDE *","352-515",5.8,NA,"esfenvalerate",3.8,"0",NA,"0",NA,82.1,79.7
1,2016,"Dow AgroSciences","ATRAZINE 4L HERBICIDE *","34704-69",2.1,NA,"atrazine",8.4,"0",NA,"0",NA,8.4,8.4
1,2016,"Dow AgroSciences","BAYTHROID XL *","264-840",1.7,NA,"-cyfluthrin",1.7,"0",NA,"0",NA,79.5,67.8
1,2016,"Dow AgroSciences","COBALT ADVANCED *","62719-615",1.4,NA,"chlorpyrifos",3.4,"lambda-cyhalothrin",0.2,"0",NA,5,5
1,2016,"Dow AgroSciences","DUPONT CORAGEN INSECT CONTROL*","352-729",5.2,NA,"chlorantraniliprole",8.8,"0",NA,"0",NA,138,133.3
1,2016,"Dow AgroSciences","DU PONT LANNATE LV INSECTICIDE *","352-384",1,NA,"methomyl",2.3,"0",NA,"0",NA,6.2,6.2
1,2016,"Dow AgroSciences","LORSBAN ADVANCED*","62719-591",5.8,NA,"chlorpyrifos",21.6,"0",NA,"0",NA,23,20.5
1,2016,"Dow AgroSciences","PERMETHRIN *","34704-873",2.3,NA,"permethrin",7.5,"0",NA,"0",NA,36.4,36.4
1,2016,"Dow AgroSciences","WARRIOR II WITH ZEON TECHNOLOGY *","100-1295",0.5,NA,"lambda-cyhalothrin",1,"0",NA,"0",NA,41.2,41.2
1,2016,"Kaua'i Coffee Co. LLC","none","",0,0,"",0,"",0,"",NA,0,0
